Анальная вибропробка с подкачкой Inflatable Vibrating Plug,3 490р.,Нет,Нет,https://nestidno.ru/analnaya-vibroprobka-s-podkachkoj-inflatable-vibrating-plug,https://nestidno.ru/image/cache/catalog/5964340000-500x500.jpg
"Анальная пробка с имитацией римминга, вибрацией и управлением при помощи приложения Satisfyer Rotator Plug 1+",4 990р.,Нет,Нет,https://nestidno.ru/analnaya-probka-s-imitatsiej-rimminga-vibratsiej-i-upravleniem-pri-pomoschi-prilogeniya-satisfyer-rotator-plug-1,https://nestidno.ru/image/cache/catalog/003153SA_42-500x500.jpg
Анальный стимулятор - шар Simply Anal Balloon,1 590р.,-37%,999р.,https://nestidno.ru/analnaya-grusha-simply-anal-balloon,https://nestidno.ru/image/cache/catalog/5216550000_4545-500x500.jpg
ВТУЛКА АНАЛЬНАЯ С ВИБРАЦИЕЙ SWEET TOYS 115 х 30x25 мм,1 490р.,Нет,Нет,https://nestidno.ru/vtulka-analnaya-s-vibratsiej-sweet-toys-l-115-mm-d-30x25-mm-yarko-rozovyj-art-st-40170-16,https://nestidno.ru/image/cache/catalog/40170-16-500x500.jpg
"Металлическая анальная пробка Jewelry Plug Small Gold 7 х 2,8 см",990р.,Нет,Нет,https://nestidno.ru/metallicheskaya-analnaya-probka-jewelry-plug-gold-malaya,https://nestidno.ru/image/cache/catalog/gs-333-500x500.jpg
Анальная вибропробка с эффектом римминга TORNADO BACK DOOR 4220-04LOLA,4 900р.,Нет,Нет,https://nestidno.ru/analnaya-vibroprobka-s-effektom-rimminga-tornado-back-door-4220-04lola,https://nestidno.ru/image/cache/catalog/4220-04LOLA-500x500.jpg
"Анальная мини-пробка с вибрацией SexExpert 7 x 2,3 см SEM-55188",1 590р.,Нет,Нет,https://nestidno.ru/analnaya-mini-probka-s-vibratsiej-sexexpert-7-x-2-3-sm-sem-55188,https://nestidno.ru/image/cache/catalog/SEM-55188-500x500.jpg
Анальная пробка Lovetoy 14 х 3 см,499р.,-30%,349р.,https://nestidno.ru/analnaya-probka-lovetoy-14-h-3-sm,https://nestidno.ru/image/cache/catalog/426600-500x500.jpg
АНАЛЬНАЯ ПРОБКА METAL BY TOYFA СО СВЕТОДИОДАМИ,1 990р.,Нет,Нет,https://nestidno.ru/analnaya-probka-metal-by-toyfa-so-svetodiodami,https://nestidno.ru/image/cache/catalog/717060-12-500x500.jpg
"Анальная пробка для ношения SEX EXPERT 16 х 3,3 см",1 290р.,Нет,Нет,https://nestidno.ru/analnaya-probka-dlya-nosheniya-sex-expert-16-h-3-3-sm-sem-55154,https://nestidno.ru/image/cache/catalog/sem-55154-500x500.jpg
Анальная пробка с вибрацией ROMP BASS,2 990р.,Нет,Нет,https://nestidno.ru/analnaya-probka-s-vibratsiej-romp-bass,https://nestidno.ru/image/cache/catalog/RP281SG8_-500x500.jpg
Анальная пробка с вибрацией и функцией нагрева Glow,5 250р.,Нет,Нет,https://nestidno.ru/analnaya-probka-s-vibratsiej-i-funktsiej-nagreva-glow,https://nestidno.ru/image/cache/catalog/ELE015BLU-500x500.jpg
Анальная пробка с естественной вибрацией Baile 103 x 26x32 мм,1 990р.,Нет,Нет,https://nestidno.ru/analnaya-probka-s-estestvennoj-vibratsiej-baile-103-x-26x32-mm-bi-040034,https://nestidno.ru/image/cache/catalog/i/ke/ae/22553b377c773e50d69a6e61fd61f5c0-500x500.jpg
Анальная пробка с естественной вибрацией Baile 85 x 32 мм,1 490р.,Нет,Нет,https://nestidno.ru/analnaya-probka-s-estestvennoj-vibratsiej-baile-85-x-32-mm-bi-040033,https://nestidno.ru/image/cache/catalog/i/cc/ha/af13ea8f393f02267724b23882522678-500x500.jpg
Анальная пробка с самопенетрацией No. 67 - Self Penetrating Butt Plug,2 490р.,Нет,Нет,https://nestidno.ru/analnaya-probka-s-samopenetratsiej-no-67-self-penetrating-butt-plug,https://nestidno.ru/image/cache/catalog/SON067BLK-500x500.jpg
"АНАЛЬНАЯ ЦЕПОЧКА COSMO 32 x 1,1x1,7x2,8 см",990р.,Нет,Нет,https://nestidno.ru/analnaya-tsepochka-cosmo-tsvet-fioletovyj-320-x-11x17x28-mm-csm-23003,https://nestidno.ru/image/cache/catalog/csm-23003-500x500.jpg
"Вибратор с волнообразным движением Silicone Vibrating & Squirming Plug with Remote Control 19,5 см.",15 900р.,-12%,13 990р.,https://nestidno.ru/analnyj-vibrator-s-volnoobraznym-dvigeniem-silicone-vibrating-squirming-plug-with-remote-control-19-5-sm,https://nestidno.ru/image/cache/catalog/AF947-500x500.jpg
"ВТУЛКА АНАЛЬНАЯ с вибрацией SWEET TOYS 10 х 3,5 см",1 990р.,Нет,Нет,https://nestidno.ru/vtulka-analnaya-s-vibratsiej-sweet-toys-105-mm-d-35-mm-fioletovyj-art-st-40167-5,https://nestidno.ru/image/cache/catalog/40167-500x500.jpg
Массажер простаты с ДУ Magic Motion Solstice,3 990р.,-25%,2 990р.,https://nestidno.ru/massager-prostaty-s-du-magic-motions-solstice,https://nestidno.ru/image/cache/catalog/861145_23-500x500.jpg
Мощный вибромассажер с вращающимися бусинами Dorcel DUAL ORGASMS MAGENTA,9 900р.,Нет,Нет,https://nestidno.ru/moschnyj-vibromassager-s-vraschayuschimisya-businami-dorcel-dual-orgasms-magenta,https://nestidno.ru/image/cache/catalog/6071984D_32-500x500.jpg
Набор анальных вибровтулок Bathmate Anal Training Plugs,4 900р.,-20%,3 900р.,https://nestidno.ru/nabor-analnyh-vibrovtulok-bathmate-anal-training-plugs-bm-v-ap,https://nestidno.ru/image/cache/catalog/bm-v-ap_1-500x500.jpg
Набор анальных пробок Pornhub Trilogy Anal Training KIT,7 900р.,-37%,4 990р.,https://nestidno.ru/nabor-analnyh-probok-pornhub-trilogy-anal-training-kit,https://nestidno.ru/image/cache/catalog/95705-500x500.jpg
Набор для новичков Nexus Anal Beginner Kit,2 900р.,Нет,Нет,https://nestidno.ru/nabor-dlya-novichkov-nexus-anal-beginner-kit,https://nestidno.ru/image/cache/catalog/ABK001_4-500x500.jpg
"Черный анальный плаг Glide M - 10,3 см.",990р.,Нет,Нет,https://nestidno.ru/chernyj-analnyj-plag-glide-m-10-3-sm,https://nestidno.ru/image/cache/catalog/420700-500x500.jpg
Анальная вибропробка SexExpert 9 x 3 см SEM-55189,1 490р.,Нет,Нет,https://nestidno.ru/analnaya-vibroprobka-sexexpert-9-x-3-sm-sem-55189,https://nestidno.ru/image/cache/catalog/SEM-55189-500x500.jpg
Анальная вибропробка с подкачкой Anal Explorer,2 990р.,Нет,Нет,https://nestidno.ru/analnaya-vibproprobka-s-podkachkoj-anal-explorer,https://nestidno.ru/image/cache/catalog/5945980000-500x500.jpg
Анальная вибропробка с пультом ДУ Nexus Ace Small,6 600р.,Нет,Нет,https://nestidno.ru/analnaya-vibroprobka-s-pultom-du-nexus-ace-small-ace003,https://nestidno.ru/image/cache/catalog/ACE003-500x500.png
Анальная пробка MYSTIM Buttplug Rocking Force L Black,6 200р.,-36%,3 990р.,https://nestidno.ru/analnaya-probka-mystim-buttplug-rocking-force-l-black-46271,https://nestidno.ru/image/cache/catalog/462711-500x500.jpg
Анальная пробка SexExpert Anal Pleasure 5,990р.,Нет,Нет,https://nestidno.ru/analnaya-probka-sexexpert-anal-pleasure-5-sem-55037,https://nestidno.ru/image/cache/catalog/SEM-55037_2-500x500.jpg
Анальная пробка для ношения SexExpert 80 х 42 мм ,1 290р.,Нет,Нет,https://nestidno.ru/analnaya-probka-l-80-mm-d-42-mm-sexexpert-art-sem-55099,https://nestidno.ru/image/cache/catalog/sem-55099_0-500x500.jpg
Анальная пробка для ношения SexExpert Anal Pleasure 3,990р.,Нет,Нет,https://nestidno.ru/analnaya-probka-sexexpert-anal-pleasure-3-sem-55047,https://nestidno.ru/image/cache/catalog/SEM-55047_1-500x500.jpg
Анальная пробка с приложением Satisfyer Plug-ilicious 1 Green,5 490р.,Нет,Нет,https://nestidno.ru/analnaya-probka-s-prilogeniem-satisfyer-plug-ilicious-1-green,https://nestidno.ru/image/cache/catalog/SW10139.1_3-500x500.jpg
Анальная пробка с приложением Satisfyer Plug-ilicious 2 Red,5 490р.,Нет,Нет,https://nestidno.ru/analnaya-probka-s-prilogeniem-satisfyer-plug-ilicious-2-red,https://nestidno.ru/image/cache/catalog/SW10140.1-500x500.jpg
Анальный вибратор Satisfyer Backdoor Lover black,3 490р.,Нет,Нет,https://nestidno.ru/analnyj-vibrator-satisfyer-backdoor-lover-black,https://nestidno.ru/image/cache/catalog/4004181_4-500x500.jpg
Анальный фаллоимитатор Galaxia Blue,1 750р.,-15%,1 490р.,https://nestidno.ru/analniy-falloimitator-galaxia-blue,https://nestidno.ru/image/cache/catalog/i/bo/kb/680997ffaa753d7813dc680921a0f829-500x500.jpg
Вибромассажер SexExpert SEM-55102,1 990р.,-25%,1 490р.,https://nestidno.ru/vibromassager-sexexpert-art-sem-55102,https://nestidno.ru/image/cache/catalog/SEM-55102_555-500x500.jpg
Вибромассажер простаты с пультом ДУ SexExpert 9 режимов SEM-55179,4 400р.,Нет,Нет,https://nestidno.ru/vibromassager-prostaty-s-pultom-du-sexexpert-9-regimov-sem-55179,https://nestidno.ru/image/cache/catalog/sem-55179-500x500.jpg
"ВТУЛКА АНАЛЬНАЯ с вибрацией SWEET TOYS 10,5 х 3,5 см",1 990р.,Нет,Нет,https://nestidno.ru/vtulka-analnaya-s-vibratsiej-sweet-toys-105-mm-d-35-mm-yarko-rozovyj-art-st-40167-16,https://nestidno.ru/image/cache/catalog/st-401-500x500.jpg
Регулируемый массажер простаты We-Vibe Vector,14 900р.,Нет,Нет,https://nestidno.ru/reguliruemyj-massager-prostaty-we-vibe-vector-snvcsg6,https://nestidno.ru/image/cache/catalog/snvcsg6-500x500.jpg
"ФАЛЛОИМИТАТОР SEXUS GLASS, СТЕКЛО, ПРОЗРАЧНЫЙ, 16,5 СМ 912009",2 490р.,Нет,Нет,https://nestidno.ru/falloimitator-sexus-glass-steklo-prozrachnyj-16-5-sm-912009,https://nestidno.ru/image/cache/catalog/912009_4-500x500.jpg
"ФАЛЛОИМИТАТОР С ГРУШЕЙ И ВИБРАЦИЕЙ BIGGER JOY 15,5 х 4 см",4 490р.,Нет,Нет,https://nestidno.ru/falloimitator-s-grushej-i-vibratsiej-bigger-joy-l-155-mm-d-40-mm-art-bw-008078aq,https://nestidno.ru/image/cache/catalog/baile-500x500.jpg
Черная анальная пробка с натуральным серым хвостиком Sitabella,2 490р.,Нет,Нет,https://nestidno.ru/chernaya-analnaya-probka-s-naturalnym-serym-hvostikom-sitabella,https://nestidno.ru/image/cache/catalog/SB-9011-500x500.jpg
Черный эротический набор Shots Media Switch Pleasure Kit №3,11 900р.,-33%,7 990р.,https://nestidno.ru/chernyj-eroticheskij-nabor-shots-media-switch-pleasure-kit-3,https://nestidno.ru/image/cache/catalog/SWI013BLK_345-500x500.jpg
 Анальная пробка с подкачкой и вибрацией Lux Fetish LF5303,7 900р.,Нет,Нет,https://nestidno.ru/analnaya-probka-s-podkachkoj-i-vibratsiej-lux-fetish-lf5303,https://nestidno.ru/image/cache/catalog/LF5303-500x500.jpg
Анальная втулка с черным хвостиком TOYFA Metal,1 490р.,Нет,Нет,https://nestidno.ru/analnaya-vtulka-s-chernym-hvostikom-toyfa-metal-712025-5,https://nestidno.ru/image/cache/catalog/i/ap/ab/3bd3a5201386b322cec76de7a30a43a7-500x500.jpg
Анальная пробка с вибрацией Sex Expert Premium 120 х 35 мм 10 режимов SEM-55214,4 490р.,Нет,Нет,https://nestidno.ru/analnaya-probka-s-vibratsiej-sex-expert-premium-120-h-35-mm-10-regimov-sem-55214,https://nestidno.ru/image/cache/catalog/i/mh/am/92e731969497e3d0bc9ae9c68d8d0ea5-500x500.jpg
Анальная пробка с поступательными движениями Kinetic Thumping 7X Large Anal Plug,14 900р.,-13%,12 900р.,https://nestidno.ru/analnaya-probka-s-postupatelnymi-dvigeniyami-kinetic-thumping-7x-large-anal-plug,https://nestidno.ru/image/cache/catalog/AF913_-500x500.jpg
Анальная цепочка A-toys Talis 28 см. 761309,1 250р.,Нет,Нет,https://nestidno.ru/analnaya-tsepochka-a-toys-talis-28-sm-761309,https://nestidno.ru/image/cache/catalog/761309-500x500.jpg
АНАЛЬНАЯ ЦЕПОЧКА С ВИБРАЦИЕЙ TOYFA A-TOYS 32 СМ,2 490р.,Нет,Нет,https://nestidno.ru/analnaya-tsepochka-s-vibratsiej-toyfa-a-toys-32-sm,https://nestidno.ru/image/cache/catalog/761305_546-500x500.jpg
Анальный стимулятор LoveThing 15 см,990р.,Нет,Нет,https://nestidno.ru/analniy-stimulyator-lovething-427103,https://nestidno.ru/image/cache/catalog/i/ki/nm/e58a17e4a7e372e5277adb43d8fced27-500x500.jpg
"Металлическая анальная пробка Anal Jewelry 11 х 2,9 см",1 590р.,Нет,Нет,https://nestidno.ru/metallicheskaya-analnaya-probka-anal-jewelry-qbck-05,https://nestidno.ru/image/cache/catalog/QBCK-04-500x500.jpg
"Черные утяжеленные анальные шарики Anal Essentials Weighted Silicone Anal Balls - 34,3 см.",6 500р.,Нет,Нет,https://nestidno.ru/index.php?route=product/product&product_id=15083,https://nestidno.ru/image/cache/catalog/2401-57-cd-500x500.jpg
Анальная виброцепочка PRETTY LOVE LYNN 18 СМ,3 300р.,Нет,Нет,https://nestidno.ru/analnaya-vibrotsepochka-pretty-love-lynn-18-sm,https://nestidno.ru/image/cache/catalog/BI-040105-500x500.jpg
"АНАЛЬНАЯ ВТУЛКА SWEET TOYS 8,5 х 3,6 см",990р.,Нет,Нет,https://nestidno.ru/analnaya-vtulka-sweet-toys-85-mm-d-36-mm-goluboj-art-st-40177-12,https://nestidno.ru/image/cache/catalog/ST-40177-16-500x500.jpg
Анальная втулка с красным хвостиком TOYFA Metal 712025-9,1 490р.,Нет,Нет,https://nestidno.ru/analnaya-vtulka-s-krasnym-hvostikom-toyfa-metal-712025-9,https://nestidno.ru/image/cache/catalog/i/ii/cj/f24d1dc920e0f7bd4ea2b83e6ad85429-500x500.jpg
"Анальная пробка SexExpert 19 х 4,4 см",1 750р.,Нет,Нет,https://nestidno.ru/analnaya-probka-sexexpert-art-sem-55101,https://nestidno.ru/image/cache/catalog/55101-500x500.jpg
"Анальная пробка SilexD Premium Silicone S 9 х 5,2 см",2 990р.,Нет,Нет,https://nestidno.ru/analnaya-probka-silexd-premium-silicone-s-9-h-5-2-sm,https://nestidno.ru/image/cache/catalog/5376910000-500x500.jpg
Анальная пробка с вибрацией Black Velvets Twist butt plug,4 400р.,Нет,Нет,https://nestidno.ru/analnaya-probka-s-vibratsiej-black-velvets-twist-butt-plug,https://nestidno.ru/image/cache/catalog/5515030000-500x500.jpg
"Анальная пробка с вибрацией Gvibe Gplug 10,5 см",4 900р.,Нет,Нет,https://nestidno.ru/analnaya-probka-s-vibratsiej-gvibe-gplug-10-5-sm,https://nestidno.ru/image/cache/catalog/FT10349-500x500.jpg
АНАЛЬНАЯ ПРОБКА С ВИБРАЦИЕЙ Satisfyer DEEP DIVER CONNECT (LIGHT BLUE) 006802SA,4 990р.,Нет,Нет,https://nestidno.ru/analnaya-probka-s-vibratsiej-satisfyer-deep-diver-connect-light-blue-006802sa,https://nestidno.ru/image/cache/catalog/006802SA_1-500x500.jpg
