Комбинезон-сетка Estela с рукавами длиной 3/4 AME005,1 490р.,Нет,Нет,https://nestidno.ru/kombinezon-setka-estela-s-rukavami-dlinoj-3-4-ame005,https://nestidno.ru/image/cache/catalog/AME005-500x500.jpg
"КОМПЛЕКТ Sunspice (лиф с трусами, пояс, чулки) S/M арт.31108ST",3 490р.,Нет,Нет,https://nestidno.ru/komplekt-sunspice-lif-s-trusami-poyas-chulki-s-m-art-31108st,https://nestidno.ru/image/cache/catalog/i/ia/pf/6fbc45737219fe1788c64bb1861ed2a6-500x500.jpg
Костюм сексуальной стюардессы Elawin,5 500р.,Нет,Нет,https://nestidno.ru/kostyum-seksualnoj-styuardessy-elawin,https://nestidno.ru/image/cache/catalog/8180-500x500.jpg
Костюм скромной горничной LeFrivole S/M,3 980р.,Нет,Нет,https://nestidno.ru/kostyum-skromnoj-gornichnoj-lefrivole-s-m,https://nestidno.ru/image/cache/catalog/6718-500x500.jpg
Кружевные трусики с доступом Obsessive L/XL,1 490р.,-56%,650р.,https://nestidno.ru/krugevnye-kontaktnye-trusiki-obsessive-l-xl,https://nestidno.ru/image/cache/catalog/863-thc-3_5-500x500.jpg
КЭТСЬЮТ СО СТРАЗАМИ CANDY GIRL JEWELLE OS,1 990р.,Нет,Нет,https://nestidno.ru/ketsyut-so-strazami-candy-girl-jewelle-os,https://nestidno.ru/image/cache/catalog/843031-500x500.jpg
Нежные трусики-стринги белые 9186whiteOS,850р.,-41%,499р.,https://nestidno.ru/negnye-trusiki-stringi-belye-9186whiteos,https://nestidno.ru/image/cache/catalog/i/en/ae/980311f08f95f6de6f9f33f7868b8ed5-500x500.jpg
Оригинальный боди-комбинезон Net High Neck Bodystocking DES030BLKOS,2 490р.,Нет,Нет,https://nestidno.ru/originalnyj-bodi-kombinezon-net-high-neck-bodystocking-des030blkos,https://nestidno.ru/image/cache/catalog/DES030BLKOS-500x500.jpg
Пикантный боди-комбинезон Fence Suspender Bodystocking DES020BLKOS,2 490р.,Нет,Нет,https://nestidno.ru/pikantnyj-bodi-kombinezon-fence-suspender-bodystocking-des020blkos,https://nestidno.ru/image/cache/catalog/DES020BLKOS-500x500.jpg
Пикантный боди-комбинезон Lace and Fishnet Bodystocking DES011BLKOS,2 490р.,Нет,Нет,https://nestidno.ru/pikantnyj-bodi-kombinezon-lace-and-fishnet-bodystocking-des011blkos,https://nestidno.ru/image/cache/catalog/DES011BLKOS-500x500.jpg
Пикантный боди-комбинезон с V-образным ажурным воротником Amor El AME015,1 990р.,Нет,Нет,https://nestidno.ru/pikantnyj-bodi-kombinezon-s-v-obraznym-agurnym-vorotnikom-amor-el-ame015,https://nestidno.ru/image/cache/catalog/AME015-500x500.jpg
СТРИНГИ С УКРАШЕНИЕМ ЧЕРНЫЕ SoftLine Collection S/L ,750р.,Нет,Нет,https://nestidno.ru/stringi-s-ukrasheniem-chernye-softline-collection-s-l,https://nestidno.ru/image/cache/catalog/231410-500x500.jpg
"Чарующие трусики с доступом, рюшами и жемчужной нитью Easy to love 04325",990р.,Нет,Нет,https://nestidno.ru/charuyuschie-trusiki-s-dostupom-ryushami-i-gemchugnoj-nityu-easy-to-love-04325,https://nestidno.ru/image/cache/catalog/043254-500x500.jpg
Чулки на высоком поясе High-waist Garterbelt Stockings DES052BLKOS,1 490р.,Нет,Нет,https://nestidno.ru/chulki-na-vysokom-poyase-high-waist-garterbelt-stockings-des052blkos,https://nestidno.ru/image/cache/catalog/DES052BLKOS_-500x500.jpg
Эффектное мини-платье с высоким воротником High Lace Neck Net Mini Dress OS DES012BLKOS,1 990р.,Нет,Нет,https://nestidno.ru/effektnoe-mini-plate-s-vysokim-vorotnikom-high-lace-neck-net-mini-dress-os-des012blkos,https://nestidno.ru/image/cache/catalog/DES012BLKOS-500x500.jpg
PASSION Комбинезон с рукавами Кроткая леди S/XXL черный,2 490р.,Нет,Нет,https://nestidno.ru/passion-kombinezon-s-rukavami-krotkaya-ledi-s-xxl-chernyj,https://nestidno.ru/image/cache/catalog/3697_7777%5D-500x500.jpg
Ажурные трусики-стринг с широким пояском и доступом SoftLine Collection,800р.,Нет,Нет,https://nestidno.ru/agurnye-trusiki-string-s-shirokim-poyaskom-i-dostupom-softline-collection,https://nestidno.ru/image/cache/catalog/2440-500x500.jpg
Колготки с вырезами на бёдрах и доступом PASSION S013,1 990р.,Нет,Нет,https://nestidno.ru/kolgotki-s-vyrezami-na-bedrah-i-dostupom-passion-s013,https://nestidno.ru/image/cache/catalog/S013-500x500.jpg
"трусики с доступом и БУСИНАМИ SOFTLINE COLLECTION, БЕЛЫЙ, S/M 248226",990р.,Нет,Нет,https://nestidno.ru/trusiki-s-dostupom-i-businami-softline-collection-belyj-s-m-248226,https://nestidno.ru/image/cache/catalog/248226-500x500.jpg
ТРУСИКИ-ПОЯС С ВЫСОКОЙ ПОСАДКОЙ И ДОСТУПОМ EROLANTA 741111,1 590р.,Нет,Нет,https://nestidno.ru/trusiki-poyas-s-vysokoj-posadkoj-i-dostupom-erolanta-chernyj-art-741111-erolanta-lingerie,https://nestidno.ru/image/cache/catalog/i/bd/np/30aac2b791a6d908b93b63e2aa2e9d2a-500x500.jpg
Чулки-сетка на силиконе SoftLine Collection чёрные размер 2,990р.,Нет,Нет,https://nestidno.ru/chulki-setka-na-silikone-softline-collection-chernye-m-0,https://nestidno.ru/image/cache/catalog/5541-500x500.jpg
"ШОРТИКИ С БАНТИКОМ ОТКРЫТЫЕ КРУЖЕВНЫЕ SOFTLINE COLLECTION, БЕЛЫЙ, S/M 240326",1 290р.,Нет,Нет,https://nestidno.ru/shortiki-s-bantikom-otkrytye-krugevnye-softline-collection-belyj-s-m-240326,https://nestidno.ru/image/cache/catalog/240326-500x500.jpg
Эротический игровой костюм Сексуальная медсестричка S/M,3 490р.,Нет,Нет,https://nestidno.ru/eroticheskij-igrovoj-kostyum-seksualnaya-medsestrichka-s-m,https://nestidno.ru/image/cache/catalog/AME07-PL-Q_-500x500.jpg
Эффектный комбинезон-сетка без рукавов с интимным доступом PASSION S/L BS048,1 990р.,Нет,Нет,https://nestidno.ru/effektnyj-kombinezon-setka-bez-rukavov-s-intimnym-dostupom-passion-s-l-bs048,https://nestidno.ru/image/cache/catalog/BS048-500x500.jpg
Impulse Боди-комбинезон с вырезом на груди S-L черный,1 290р.,Нет,Нет,https://nestidno.ru/impulse-bodi-kombinezon-s-vyrezom-na-grudi-s-l-chernyj,https://nestidno.ru/image/cache/catalog/4528_44-500x500.jpg
Игровой костюм студентки SOFTLINE Kiki M/L,4 990р.,Нет,Нет,https://nestidno.ru/igrovoj-kostyum-studentki-softline-kiki-m-l,https://nestidno.ru/image/cache/catalog/1843-500x500.jpg
Костюм медсестры CAndy Girl Lola OS,4 400р.,Нет,Нет,https://nestidno.ru/kostyum-medsestry-candy-girl-lola-os,https://nestidno.ru/image/cache/catalog/841040-500x500.jpg
"Костюм официантки: боди, воротник и манжеты CandyGirl S/L",2 990р.,Нет,Нет,https://nestidno.ru/kostyum-ofitsiantki-bodi-vorotnik-i-mangety-candygirl-s-l,https://nestidno.ru/image/cache/catalog/841030-500x500.jpg
Костюм старшей медсестры Le Frivole 02196,4 400р.,Нет,Нет,https://nestidno.ru/kostyum-starshej-medsestry-le-frivole-s-m-02196,https://nestidno.ru/image/cache/catalog/2196_2-500x500.jpg
Новогоднее ПЛАТЬЕ SANTAS + ЧУЛКИ 9001,4 290р.,Нет,Нет,https://nestidno.ru/novogodnee-plate-santas-chulki-9001,https://nestidno.ru/image/cache/catalog/santas-500x500.jpg
Оригинальное боди Femmina с кружевными вставками X/L,3 300р.,Нет,Нет,https://nestidno.ru/originalnoe-bodi-femmina-s-krugevnymi-vstavkami-x-l,https://nestidno.ru/image/cache/catalog/Femmina%20body-500x500.jpg
Стринги с жемчугом и доступом Flirton 2831 Размер 50-52,750р.,Нет,Нет,https://nestidno.ru/stringi-s-gemchugom-i-dostupom-flirton-2831-razmer-50-52,https://nestidno.ru/image/cache/catalog/2831-500x500.jpg
Эротический игровой костюм Безотказная горничная S/M,4 900р.,Нет,Нет,https://nestidno.ru/eroticheskij-igrovoj-kostyum-bezotkaznaya-gornichnaya-s-m,https://nestidno.ru/image/cache/catalog/AME08-PL-Q_4443-500x500.jpg
Эротический игровой костюм Дерзкая школьница S-M,4 900р.,Нет,Нет,https://nestidno.ru/eroticheskij-igrovoj-kostyum-derzkaya-shkolnitsa-s-m,https://nestidno.ru/image/cache/catalog/AME04-PL_-500x500.jpg
Эротический игровой костюм Школьница - обольстительница L-XL,4 900р.,Нет,Нет,https://nestidno.ru/eroticheskij-igrovoj-kostyum-shkolnitsa-obolstitelnitsa-l-xl,https://nestidno.ru/image/cache/catalog/AME03-PL-Q-500x500.jpg
Эффектное боди Flammen с чулками,1 600р.,Нет,Нет,https://nestidno.ru/effektnoe-bodi-flammen-s-chulkami,https://nestidno.ru/image/cache/catalog/Flammen-500x500.jpg
Ажурный кэтсьют (в комплекте маска) SUNSPICE S/M H1063,1 290р.,Нет,Нет,https://nestidno.ru/agurnyj-ketsyut-v-komplekte-maska-sunspice-s-m-h1063,https://nestidno.ru/image/cache/catalog/H1063-500x500.jpg
Ажурный кэтсьют (в комплекте трусики) S/M H1062,1 290р.,Нет,Нет,https://nestidno.ru/agurnyj-ketsyut-v-komplekte-trusiki-s-m-h1062,https://nestidno.ru/image/cache/catalog/H1062-500x500.jpg
Ажурный кэтсьют SUNSPICE  S/M H1061,1 290р.,Нет,Нет,https://nestidno.ru/agurnyj-ketsyut-sunspice-s-m-h1061,https://nestidno.ru/image/cache/catalog/H1061-500x500.jpg
Боди-комбинезон Impulse S-L черный 4925,1 290р.,Нет,Нет,https://nestidno.ru/bodi-kombinezon-impulse-s-l-chernyj-4925,https://nestidno.ru/image/cache/catalog/4925-500x500.jpg
Воздушный ромпер-комбинезон из шифона Seven`til Midnight,2 900р.,Нет,Нет,https://nestidno.ru/vozdushnyj-romper-kombinezon-iz-shifona-seven-til-midnight,https://nestidno.ru/image/cache/catalog/STM-9953-500x500.jpg
Комплект белья Bra and Briefs Rhinestones M,3 900р.,Нет,Нет,https://nestidno.ru/komplekt-belya-bra-and-briefs-rhinestones-m,https://nestidno.ru/image/cache/catalog/22136211031-500x500.jpeg
Ночная сорочка Alida с полуоткрытым лифом L,3 900р.,Нет,Нет,https://nestidno.ru/nochnaya-sorochka-alida-s-poluotkrytym-lifom-l,https://nestidno.ru/image/cache/catalog/1867-500x500.jpg
Обворожительный кружевной комплект белья с фиксацией XXL(95E),4 900р.,Нет,Нет,https://nestidno.ru/obvorogitelnyj-krugevnoj-komplekt-belya-s-fiksatsiej-xxl95e,https://nestidno.ru/image/cache/catalog/2213613-500x500.jpg
ПЛАТЬЕ SUNSPICE S/M арт. H1032,990р.,Нет,Нет,https://nestidno.ru/plate-sunspice-s-m-art-h1032,https://nestidno.ru/image/cache/catalog/H1032-500x500.jpg
Соблазнительное кружевное боди с глубоким вырезом Rene Rofe M/L,4 490р.,Нет,Нет,https://nestidno.ru/soblaznitelnoe-krugevnoe-bodi-s-glubokim-vyrezom-rene-rofe-m-l,https://nestidno.ru/image/cache/catalog/50011-500x500.jpg
Трусики из сетки с доступом и манящей кисточкой Easy to love 04843 42-44,990р.,Нет,Нет,https://nestidno.ru/trusiki-iz-setki-s-dostupom-i-manyaschej-kistochkoj-easy-to-love-04843-42-44,https://nestidno.ru/image/cache/catalog/04843-500x500.jpg
ТРУСИКИ-ПОЯС С ВЫСОКОЙ ПОСАДКОЙ И ДОСТУПОМ EROLANTA черный рр42-44,1 590р.,Нет,Нет,https://nestidno.ru/trusiki-poyas-s-vysokoj-posadkoj-i-dostupom-erolanta-chernyj-art-741121-erolanta-lingerie,https://nestidno.ru/image/cache/catalog/741121_2342342-500x500.jpg
Трусики-сетка с доступом Easy to love с кисточкой 4320,750р.,Нет,Нет,https://nestidno.ru/trusiki-setka-s-dostupom-easy-to-love-s-kistochkoj-xl-50-52,https://nestidno.ru/image/cache/catalog/4320-500x500.jpg
Чулки в мелкую сетку с кружевной резинкой Sense S/M,750р.,Нет,Нет,https://nestidno.ru/chulki-v-melkuyu-setku-s-krugevnoj-rezinkoj-sense-s-m,https://nestidno.ru/image/cache/catalog/04823-500x500.jpg
Чулки-сетка на силиконе SoftLine Collection чёрные размер 2 арт.551712,900р.,Нет,Нет,https://nestidno.ru/chulki-setka-na-silikone-softline-collection-chernye-m,https://nestidno.ru/image/cache/catalog/i/ml/bo/6b02cdae50f7fe400e9297362961f5e5-500x500.jpg
Impulse Боди-комбинезонна кружевной с чулками S-L черный,1 190р.,Нет,Нет,https://nestidno.ru/impulse-bodi-kombinezonna-krugevnoj-s-chulkami-s-l-chernyj,https://nestidno.ru/image/cache/catalog/i/if/jg/4dddd8d9805037087c3479c4cce661c8-500x500.jpeg
Ажурный пояс для чулок с фигурными пажами Obsessive S/M 854-GAR,1 990р.,Нет,Нет,https://nestidno.ru/agurnyj-poyas-dlya-chulok-s-figurnymi-pagami-obsessive-s-m-854-gar,https://nestidno.ru/image/cache/catalog/854-gar-500x500.jpg
БЕСШОВНОЕ ПЛАТЬЕ-СЕТКА СО СТРАЗАМИ CANDY GIRL OS,1 990р.,Нет,Нет,https://nestidno.ru/besshovnoe-plate-setka-so-strazami-candy-girl-os,https://nestidno.ru/image/cache/catalog/844015-500x500.jpg
Боди-комбинезон Impulse S-L черный 05012,1 190р.,Нет,Нет,https://nestidno.ru/bodi-kombinezon-impulse-s-l-chernyj-05012,https://nestidno.ru/image/cache/catalog/05012_1-500x500.jpg
Колготы в в мелкую сеточку с доступом Amor EL (S/L) AME203,990р.,Нет,Нет,https://nestidno.ru/kolgoty-v-v-melkuyu-setochku-s-dostupom-amor-el-s-l-ame203,https://nestidno.ru/image/cache/catalog/AME203-500x500.jpg
Колготы в крупную сетку Amor EL (S/L) AME201,990р.,Нет,Нет,https://nestidno.ru/kolgoty-v-krupnuyu-setku-amor-el-s-l-ame201,https://nestidno.ru/image/cache/catalog/AME201-500x500.jpg
Колготы в мелкую сетку Amor EL (S/L) AME202,990р.,Нет,Нет,https://nestidno.ru/kolgoty-v-melkuyu-setku-amor-el-s-l-ame202,https://nestidno.ru/image/cache/catalog/AME202-500x500.jpg
КОМБИНЕЗОН ЦВЕТА МОРСКОЙ ПЕНЫ Coquette M,4 900р.,-59%,1 990р.,https://nestidno.ru/kombinezon-tsveta-morskoj-peny-coquette-m,https://nestidno.ru/image/cache/catalog/S4046M-500x500.jpg
Костюм LeFrivole ЗАБОТЛИВЫЙ ДОКТОР 02796,4 990р.,Нет,Нет,https://nestidno.ru/kostyum-lefrivole-zabotlivyj-doktor-02796,https://nestidno.ru/image/cache/catalog/2796_4-500x500.jpg
