Возбуждающее средство для мужчин Man's Power+ 10 капсул,2 290р.,Нет,Нет,https://nestidno.ru/vozbugdayuschee-sredstvo-dlya-mugchin-man-s-power-10-kapsul,https://nestidno.ru/image/cache/catalog/150129-500x500.jpeg
"Спрей для глубоких техник Orgie WOW! Blowjob Spray с охлаждающим и возбуждающим эффектом, 10 мл",1 990р.,Нет,Нет,https://nestidno.ru/oralnyj-sprej-orgie-wow-blowjob-spray-s-ohlagdayuschim-i-vozbugdayuschim-effektom-10-ml,https://nestidno.ru/image/cache/catalog/21364-500x500.jpg
Возбудитель для двоих Любовный эликсир 30+ - 20 мл.,1 290р.,Нет,Нет,https://nestidno.ru/vozbuditel-dlya-dvoih-lyubovnyj-eliksir-30-20-ml,https://nestidno.ru/image/cache/catalog/%D0%9B%D0%AD-02-500x500.jpg
Возбудитель для двоих Любовный эликсир 45+ - 20 мл.,1 290р.,Нет,Нет,https://nestidno.ru/vozbuditel-dlya-dvoih-lyubovnyj-eliksir-45-20-ml,https://nestidno.ru/image/cache/catalog/%D0%9B%D0%AD-03-500x500.jpg
Возбуждающие капли для женщин EXTREME W SPAIN FLY STRONG DROPS 30 мл,1 690р.,Нет,Нет,https://nestidno.ru/vozbugdayuschie-kapli-dlya-genschin-extreme-w-spain-fly-strong-drops-30-ml,https://nestidno.ru/image/cache/catalog/77103.07-500x500.jpg
Возбуждающий БАД для женщин Milan ЛИБЕС ТРОПФЕН LIEBES TROPFEN 20 мл,1 990р.,-25%,1 490р.,https://nestidno.ru/vozbugdayuschij-bad-dlya-genschin-milan-libes-tropfen-liebes-tropfen-20-ml,https://nestidno.ru/image/cache/catalog/21-00011103-500x500.jpg
"Женские капли POTENTIAL 69 7,5 мл (12 доз)",2 300р.,Нет,Нет,https://nestidno.ru/genskie-kapli-potential-69-7-5-ml-12-doz,https://nestidno.ru/image/cache/catalog/150370-500x500.jpeg
"КАПЛИ ДЛЯ ЖЕНЩИН FORTE LOVE POWER, 7 АМПУЛ ПО 2,5 МЛ",1 750р.,Нет,Нет,https://nestidno.ru/kapli-dlya-genschin-forte-love-power-7-ampul-po-2-5-ml,https://nestidno.ru/image/cache/catalog/Forte%20Love%20Power-500x500.jpg
КАПЛИ ДЛЯ ЖЕНЩИН RASPUTNICA 30 МЛ,1 750р.,Нет,Нет,https://nestidno.ru/kapli-dlya-genschin-rasputnica-30-ml,https://nestidno.ru/image/cache/catalog/RASPUTNICA-500x500.jpg
КАПЛИ ДЛЯ ЖЕНЩИН RUF HSG DROPS 20 МЛ,1 750р.,-15%,1 490р.,https://nestidno.ru/kapli-dlya-genschin-ruf-hsg-drops-20-ml,https://nestidno.ru/image/cache/catalog/1042-500x500.jpg
"Мужские капли POTENTIAL 69 7,5 мл (12 доз)",2 300р.,Нет,Нет,https://nestidno.ru/mugskie-kapli-potential-69-7-5-ml-12-doz,https://nestidno.ru/image/cache/catalog/150358-500x500.jpeg
БАД Возбуждающие капсулы для мужчин Саймы №1,990р.,Нет,Нет,https://nestidno.ru/bad-vozbugdayuschie-kapsuly-dlya-mugchin-sajmy-1,https://nestidno.ru/image/cache/catalog/saim1-500x500.jpg
БАД Возбуждающие капсулы для мужчин ТИГР ЛАОХУ 3 шт. по 7 г,1 990р.,Нет,Нет,https://nestidno.ru/bad-vozbugdayuschie-kapsuly-dlya-mugchin-tigr-laohu-3-sht-po-7-g,https://nestidno.ru/image/cache/catalog/laohu_345-500x500.jpg
БАД капсулы Саймы №4,2 490р.,Нет,Нет,https://nestidno.ru/bad-kapsuly-sajmy-4-0-35,https://nestidno.ru/image/cache/catalog/saim-500x500.jpg
Возбудитель-капли для женщин GOLD W SPAIN FLY DROPS 30 мл,1 790р.,Нет,Нет,https://nestidno.ru/vozbuditel-kapli-dlya-genschin-gold-w-spain-fly-drops-30-ml,https://nestidno.ru/image/cache/catalog/77101.0-500x500.jpg
БАД для мужчин Фулибао Форте 2 капсулы,990р.,Нет,Нет,https://nestidno.ru/bad-dlya-mugchin-fulibao-2-kapsuly,https://nestidno.ru/image/cache/catalog/150113%2B1-500x500.jpg
Возбуждающее средство для мужчин Man's Power+ 2 капсулы,690р.,Нет,Нет,https://nestidno.ru/vozbugdayuschee-sredstvo-dlya-mugchin-man-s-power-2-kapsuly,https://nestidno.ru/image/cache/catalog/150133-500x500.jpeg
"Блеск для губ с вибрирующим эффектом Orgie Sexy Vibe Electric Fellatio, 10 мл",1 990р.,Нет,Нет,https://nestidno.ru/blesk-dlya-gub-s-vibriruyuschim-effektom-orgie-sexy-vibe-electric-fellatio-10-ml,https://nestidno.ru/image/cache/catalog/i/me/kh/7608bd86ca293c114d8c22552e7446bf-500x500.jpg
"Стимулирующий спрей для оральных ласк Orgie Wow! Strawberry Ice Bucal Spray, 10 мл",1 990р.,Нет,Нет,https://nestidno.ru/stimuliruyuschij-sprej-dlya-oralnyh-lask-orgie-wow-strawberry-ice-bucal-spray-10-ml,https://nestidno.ru/image/cache/catalog/51935-500x500.jpg
БАД для мужчин Маджик Стафф Форте 4 капсулы,3 490р.,Нет,Нет,https://nestidno.ru/bad-dlya-mugchin-madgik-staff-4-kapsuly,https://nestidno.ru/image/cache/catalog/150023_2-500x500.jpg
БАД для мужчин Фулибао Форте 10 капсул,3 300р.,Нет,Нет,https://nestidno.ru/bad-dlya-mugchin-fulibao-10-kapsul,https://nestidno.ru/image/cache/catalog/150122-500x500.jpeg
БАД для мужчин Фулибао Форте 6 капсул,2 300р.,Нет,Нет,https://nestidno.ru/bad-dlya-mugchin-fulibao-6-kapsul,https://nestidno.ru/image/cache/catalog/150123-500x500.jpeg
Возбуждающее средство для женщин Lady's Life 14 капсул,1 850р.,Нет,Нет,https://nestidno.ru/vozbugdayuschee-sredstvo-dlya-genschin-lady-s-life-14-kapsul,https://nestidno.ru/image/cache/catalog/150130-500x500.jpeg
Возбуждающее средство для женщин Lady's Life 2 капсулы,450р.,Нет,Нет,https://nestidno.ru/vozbugdayuschee-sredstvo-dlya-genschin-lady-s-life-2-kapsuly,https://nestidno.ru/image/cache/catalog/150131-500x500.jpeg
