Вакуум-волновой бесконтактный стимулятор клитора Satisfyer Pro Penguin Next Generation,4 999р.,Нет,Нет,https://nestidno.ru/vakuum-volnovoj-beskontaktnyj-stimulyator-klitora-satisfyer-pro-penguin-next-generation,https://nestidno.ru/image/cache/catalog/i/kn/jk/225b1b7e10906e343e6d4b26eda9d005-500x500.jpg
Вибромассажер с вакуумно-волновой клиторальной стимуляцией Satisfyer Pro+ G-Spot Rabbit,6 990р.,-14%,5 999р.,https://nestidno.ru/vibromassager-s-vakuumno-volnovoj-klitoralnoj-stimulyatsiej-satisfyer-pro-g-spot-rabbit-22-sm,https://nestidno.ru/image/cache/catalog/j2018-17_-500x500.jpg
Бесконтактный клиторальный стимулятор Womanizer Classic 2 Bordeaux,13 900р.,Нет,Нет,https://nestidno.ru/beskontaktnyj-klitoralnyj-stimulyator-womanizer-classic-2-bordeaux,https://nestidno.ru/image/cache/catalog/WZ222SG7-500x500.jpg
Бесконтактный клиторальный стимулятор Womanizer Marilyn Monroe Special Edition Black Marble,10 900р.,Нет,Нет,https://nestidno.ru/beskontaktnyj-klitoralnyj-stimulyator-womanizer-marilyn-monroe-special-edition-black-marble,https://nestidno.ru/image/cache/catalog/WZ222SGZ-500x500.jpg
Бесконтактный клиторальный стимулятор Womanizer Marilyn Monroe Special Edition Mint,10 900р.,Нет,Нет,https://nestidno.ru/beskontaktnyj-klitoralnyj-stimulyator-womanizer-marilyn-monroe-special-edition-mint,https://nestidno.ru/image/cache/catalog/WZ222SG8-500x500.jpg
Бесконтактный клиторальный стимулятор Womanizer Marilyn Monroe Special Edition Vivid Red,10 900р.,Нет,Нет,https://nestidno.ru/beskontaktnyj-klitoralnyj-stimulyator-womanizer-marilyn-monroe-special-edition-vivid-red,https://nestidno.ru/image/cache/catalog/WZ222SG3-500x500.jpg
Бесконтактный клиторальный стимулятор Womanizer Marilyn Monroe Special Edition White Marble,10 900р.,Нет,Нет,https://nestidno.ru/beskontaktnyj-klitoralnyj-stimulyator-womanizer-marilyn-monroe-special-edition-white-marble,https://nestidno.ru/image/cache/catalog/WZ222SG2-500x500.jpg
Вибромассажер с 4-мя насадками Satisfyer Fabulous Four,9 900р.,Нет,Нет,https://nestidno.ru/vibromassager-s-4-mya-nasadkami-satisfyer-fabulous-four,https://nestidno.ru/image/cache/catalog/4009629SF-500x500.jpg
Набор секс-игрушек ROMP Pleasure Kit,9 900р.,-19%,7 990р.,https://nestidno.ru/nabor-seks-igrushek-romp-pleasure-kit,https://nestidno.ru/image/cache/catalog/RP901SD9_4-500x500.jpg
Бесконтактный клиторальный стимулятор Womanizer Premium 2 Warm Gray,14 900р.,Нет,Нет,https://nestidno.ru/beskontaktnyj-klitoralnyj-stimulyator-womanizer-premium-2-warm-gray,https://nestidno.ru/image/cache/catalog/WZ212SG8-500x500.jpg
Лимитированный набор Golden Moments Collection (Womanizer Premium + We-Vibe Chorus) ,29 900р.,-10%,26 900р.,https://nestidno.ru/limitirovannyj-nabor-golden-moments-collection-womanizer-premium-we-vibe-chorus,https://nestidno.ru/image/cache/catalog/snck1sg9-500x500.jpeg
"Вибратор с вакуумным стимулятором Satisfyer Supernova, розовый",5 990р.,-8%,5 490р.,https://nestidno.ru/vibrator-s-vakuumnym-stimulyatorom-satisfyer-supernova-rozovyj,https://nestidno.ru/image/cache/catalog/J2018-173-1_245-500x500.jpg
Бесконтактный клиторальный стимулятор Womanizer Liberty Pink Rose,10 900р.,Нет,Нет,https://nestidno.ru/beskontaktnyj-klitoralnyj-stimulyator-womanizer-liberty-pink-rose,https://nestidno.ru/image/cache/catalog/i/ib/fc/726c22d318e3a1e0ac0379e8c9cf38a2-500x500.jpg
Бесконтактный стимулятор для точки G с вибрацией Womanizer OG Lilac,15 900р.,Нет,Нет,https://nestidno.ru/beskontaktnyj-klitoralnyj-stimulyator-s-vibratsiej-womanizer-og-lilac,https://nestidno.ru/image/cache/catalog/ogl_21-500x500.jpg
Бесконтактный стимулятор для клитора Melt by We-Vibe,14 990р.,Нет,Нет,https://nestidno.ru/beskontaktnyj-stimulyator-dlya-klitora-melt-by-we-vibe-snelsg3,https://nestidno.ru/image/cache/catalog/snelsg3-500x500.jpg
Бесконтактный клиторальный стимулятор с вибрацией Womanizer DUO 2 Black,16 900р.,Нет,Нет,https://nestidno.ru/beskontaktnyj-klitoralnyj-stimulyator-s-vibratsiej-womanizer-duo-2-black,https://nestidno.ru/image/cache/catalog/WZ142SG9-500x500.jpg
Вакуумный стимулятор клитора с вибрацией Satisfyer Curvy 1+ APP,6 900р.,-29%,4 900р.,https://nestidno.ru/vakuumnyj-stimulyator-klitora-s-vibratsiej-satisfyer-curvy-1-app,https://nestidno.ru/image/cache/catalog/cur1-500x500.jpg
Инновационный звуковой стимулятор для клитора LELO ENIGMA Deep Rose,39 000р.,Нет,Нет,https://nestidno.ru/innovatsionnyj-zvukovoj-stimulyator-dlya-klitora-lelo-enigma-deep-rose,https://nestidno.ru/image/cache/catalog/LEL8175-500x500.jpg
Вакуумно-волновой стимулятор с вибрацией Satisfyer Cotton Candy Pink,3 900р.,Нет,Нет,https://nestidno.ru/vakuumno-volnovoj-stimulyator-s-vibratsiej-satisfyer-cotton-candy-pink,https://nestidno.ru/image/cache/catalog/J2018-270-2-500x500.jpg
Вакуумно-волновой стимулятор с вибрацией Satisfyer Cutie Heart Red ,3 900р.,Нет,Нет,https://nestidno.ru/vakuumno-volnovoj-stimulyator-s-vibratsiej-satisfyer-cutie-heart-red,https://nestidno.ru/image/cache/catalog/J2018-276-1-500x500.jpg
Вакуумно-волновой стимулятор с вибрацией Satisfyer Sugar Rush,3 900р.,Нет,Нет,https://nestidno.ru/vakuumno-volnovoj-stimulyator-s-vibratsiej-satisfyer-sugar-rush,https://nestidno.ru/image/cache/catalog/J2018-269-1-500x500.jpg
"Вибратор с вакуумным стимулятором Satisfyer Supernova, ягодный",5 990р.,-8%,5 490р.,https://nestidno.ru/vibrator-s-vakuumnym-stimulyatorom-satisfyer-supernova-yagodnyj,https://nestidno.ru/image/cache/catalog/4009742RED_5-500x500.jpg
Бесконтактный клиторальный стимулятор Womanizer Premium 2 Blueberry,19 900р.,-10%,17 990р.,https://nestidno.ru/beskontaktnyj-klitoralnyj-stimulyator-womanizer-premium-2-blueberry,https://nestidno.ru/image/cache/catalog/WZ212SG7-500x500.jpg
Бесконтактный клиторальный стимулятор Womanizer Premium 2 Raspberry,14 900р.,Нет,Нет,https://nestidno.ru/beskontaktnyj-klitoralnyj-stimulyator-womanizer-premium-2-raspberry,https://nestidno.ru/image/cache/catalog/WZ212SG7-500x500.png
Стимулятор для клитора Womanizer Starlet 3 Indigo,7 990р.,Нет,Нет,https://nestidno.ru/stimulyator-dlya-klitora-womanizer-starlet-3-indigo,https://nestidno.ru/image/cache/catalog/WZ231SG5_-500x500.jpg
Вакуумный стимулятор клитора с вибрацией Satisfyer Curvy 1+ APP White,6 900р.,-39%,4 190р.,https://nestidno.ru/vakuumnyj-stimulyator-klitora-s-vibratsiej-satisfyer-curvy-1-app-white,https://nestidno.ru/image/cache/catalog/J2018-80-2_345-500x500.jpg
Вакуумно-волновой стимулятор с вибрацией Satisfyer Cutie Heart Powder Blue,3 900р.,Нет,Нет,https://nestidno.ru/vakuumno-volnovoj-stimulyator-s-vibratsiej-satisfyer-cutie-heart-powder-blue,https://nestidno.ru/image/cache/catalog/J2018-276-2-500x500.jpg
Бесконтактный клиторальный стимулятор Womanizer Liberty Powder Blue,10 900р.,Нет,Нет,https://nestidno.ru/beskontaktnyj-klitoralnyj-stimulyator-womanizer-liberty-powder-blue,https://nestidno.ru/image/cache/catalog/i/an/gf/53a510117803d36a25b8d94143cf4cc1-500x500.jpg
Бесконтактный клиторальный стимулятор Womanizer Liberty Lilac,10 900р.,Нет,Нет,https://nestidno.ru/beskontaktnyj-klitoralnyj-stimulyator-womanizer-liberty-lilac,https://nestidno.ru/image/cache/catalog/i/ej/oo/bcc26c69ba2a62e8652cb5872915c724-500x500.jpg
