"Игра для двоих «Во власти страсти. Роковая связь», 5 в 1 (50 карт, наручники, эрекционное кольцо, вибратор, 2 листа со сценариями), 18+",2 290р.,Нет,Нет,https://nestidno.ru/index.php?route=product/product&product_id=15076,https://nestidno.ru/image/cache/catalog/7453548-500x500.jpg
"Игра для двоих «На 50 оттенков откровеннее…» 4 в 1 (50 карт, эрекционное кольцо, зажимы для сосков, анальный стимулятор), 18+",1 290р.,Нет,Нет,https://nestidno.ru/index.php?route=product/product&product_id=15077,https://nestidno.ru/image/cache/catalog/1526548-500x500.jpg
КОЛЬЦО ЭРЕКЦИОННОЕ SexExpert набор 3 шт арт. SEM-55081,1 690р.,Нет,Нет,https://nestidno.ru/koltso-erektsionnoe-sexexpert-nabor-3-sht-art-sem-55081,https://nestidno.ru/image/cache/catalog/i/bi/il/d8817d67f9b587c88c7342c943ef9abb-500x500.jpg
Набор эрекционных колец SEXY FRIEND 3 шт,490р.,Нет,Нет,https://nestidno.ru/nabor-erektsionnyh-kolets-sexy-friend-tsvet-sinij-nabor-3-sht-art-sf-70242-13,https://nestidno.ru/image/cache/catalog/sfrings3-500x500.jpg
НАБОР ЭРЕКЦИОННЫХ КОЛЕЦ TOYFA BLACK&RED,990р.,-50%,499р.,https://nestidno.ru/nabor-erektsionnyh-kolets-toyfa-black-red-901404-5,https://nestidno.ru/image/cache/catalog/i/bn/id/85cb57f0eaad558edd5d07802f348b95-500x500.jpg
Увеличивающая насадка Rebel Dick and Ball Sleeve,2 490р.,Нет,Нет,https://nestidno.ru/uvelichivayuschaya-nasadka-rebel-dick-and-ball-sleeve,https://nestidno.ru/image/cache/catalog/5144620000-500x500.jpg
Увеличивающая насадка для пениса SUPER HERO BERSERK 7001-07LOLA,1 990р.,Нет,Нет,https://nestidno.ru/uvelichivayuschaya-nasadka-dlya-penisa-super-hero-berserk-7001-07lola,https://nestidno.ru/image/cache/catalog/7001-07LOLA-500x500.jpg
Увеличивающая насадка для пениса Toyfa Xlover 16 х 8 см,1 590р.,-38%,990р.,https://nestidno.ru/uvelichivayuschaya-nasadka-dlya-penisa-toyfa-xlover-16-8-sm-748023,https://nestidno.ru/image/cache/catalog/i/bp/gp/e008856364065fb9c3c2e26b4276f77d-500x500.jpg
Эрекционное кольцо Satisfyer Majestic Duo,3 300р.,Нет,Нет,https://nestidno.ru/erektsionnoe-koltso-satisfyer-majestic-duo,https://nestidno.ru/image/cache/catalog/4009957-500x500.jpg
Большая увеличивающая насадка для пениса Big White 22 см,2 990р.,Нет,Нет,https://nestidno.ru/uvelichivayuschaya-nasadka-big-white-22-sm,https://nestidno.ru/image/cache/catalog/5079620000_-500x500.jpg
Виброкольцо для пениса Romp Juke,2 990р.,Нет,Нет,https://nestidno.ru/vibrokoltso-dlya-penisa-romp-juke,https://nestidno.ru/image/cache/catalog/rpcrsg5-500x500.jpg
Набор секс-игрушек ROMP Pleasure Kit,9 900р.,-19%,7 990р.,https://nestidno.ru/nabor-seks-igrushek-romp-pleasure-kit,https://nestidno.ru/image/cache/catalog/RP901SD9_4-500x500.jpg
НАСАДКА для пениса 2 в 1 SexExpert Pleasunt,990р.,Нет,Нет,https://nestidno.ru/nasadka-dlya-penisa-2-v-1-sexexpert-pleasunt-sem-55008,https://nestidno.ru/image/cache/catalog/i/ef/bd/119f59af33e0025c00841d17d6e71011-500x500.jpg
Увеличивающая насадка для пениса SUPER HERO Casanova 18 см 7001-09lola,1 990р.,Нет,Нет,https://nestidno.ru/uvelichivayuschaya-nasadka-dlya-penisa-super-hero-casanova-18-sm-7001-09lola,https://nestidno.ru/image/cache/catalog/7001-09lola-500x500.jpg
Увеличивающая насадка для пениса SUPER HERO Conqueror 19 см 7001-02lola ,1 990р.,Нет,Нет,https://nestidno.ru/uvelichivayuschaya-nasadka-dlya-penisa-super-hero-conqueror-19-sm-7001-02lola,https://nestidno.ru/image/cache/catalog/7001-02lola-500x500.jpg
Увеличивающая насадка для пениса SUPER HERO Giant 7001-01lola,1 990р.,Нет,Нет,https://nestidno.ru/uvelichivayuschaya-nasadka-dlya-penisa-super-hero-giant-7001-01lola,https://nestidno.ru/image/cache/catalog/7001-01lola-500x500.jpg
Увеличивающая насадка для пениса SUPER HERO Warrior 7001-04lola,1 990р.,Нет,Нет,https://nestidno.ru/uvelichivayuschaya-nasadka-dlya-penisa-super-hero-warrior-7001-04lola,https://nestidno.ru/image/cache/catalog/7001-04lola-500x500.jpg
Увеличивающая насадка для пениса You2Toys Rebel,2 990р.,Нет,Нет,https://nestidno.ru/uvelichivayushchaya-nasadka-dlya-penisa-rebel,https://nestidno.ru/image/cache/catalog/5203810000_1-500x500.jpg
Эрекционное кольцо с вибрацией Sex Expert Premium 48 мм 10 режимов SEM-55211,4 490р.,-27%,3 300р.,https://nestidno.ru/erektsionnoe-koltso-s-vibratsiej-sex-expert-premium-48-mm-10-regimov-sem-55211,https://nestidno.ru/image/cache/catalog/i/be/ef/e529ff5509ea043ad2392fff4219e0be-500x500.jpg
Насадка с анальным стимулятором Los Analos,4 490р.,Нет,Нет,https://nestidno.ru/nasadka-s-analnim-stimulyatorom-los-analos-5834480000,https://nestidno.ru/image/cache/catalog/5834480000_2-500x500.jpeg
Увеличивающая насадка для пениса с кольцом COCK NEXT КИБЕРКОЖА 150 х 30 мм,1 590р.,Нет,Нет,https://nestidno.ru/uvelichivayuschaya-nasadka-dlya-penisa-s-koltsom-cock-next-kiberkoga-150-h-30-mm-artikul-692203,https://nestidno.ru/image/cache/catalog/692203_6-500x500.jpg
Эрекционное кольцо Satisfyer Legendary Duo,3 300р.,Нет,Нет,https://nestidno.ru/erektsionnoe-koltso-satisfyer-legendary-duo,https://nestidno.ru/image/cache/catalog/4009902-500x500.jpg
Мастурбатор/ограничитель проникновения HOMME ROYAL HENCHMAN WHITE 7011-02LOLA,990р.,Нет,Нет,https://nestidno.ru/masturbator-stopper-homme-royal-henchman-white-7011-02lola,https://nestidno.ru/image/cache/catalog/7011-02LOLA_2-500x500.jpg
Насадка для пениса Nature Skin 15 см 5139200000,1 790р.,Нет,Нет,https://nestidno.ru/nasadka-dlya-penisa-nature-skin-15-sm-5139200000,https://nestidno.ru/image/cache/catalog/5139200000-500x500.jpg
Увеличивающая насадка с кольцом Perfect 2 Extension with Ball Strap Pipedream PD4117-21,3 990р.,Нет,Нет,https://nestidno.ru/uvelichivayuschaya-nasadka-s-koltsom-perfect-2-extension-with-ball-strap-pipedream-pd4117-21,https://nestidno.ru/image/cache/catalog/i/ck/en/559ca4c214879351d33ebfb223b44564-500x500.jpg
SMART-виброкольцо для пениса OIVITA ORING PLUS,3 990р.,Нет,Нет,https://nestidno.ru/smart-vibrokoltso-dlya-penisa-oivita-oring-plus,https://nestidno.ru/image/cache/catalog/OR-P-500x500.jpg
Виброкольцо для пениса Pretty Love 10 режимов BI-210245,1 990р.,Нет,Нет,https://nestidno.ru/vibrokoltso-dlya-penisa-pretty-love-10-regimov-bi-210245,https://nestidno.ru/image/cache/catalog/BI-210245-500x500.jpg
Набор для пары WE-VIBE Date Night Set (вибратор Nova 2 + виброкольцо Pivot),18 900р.,-21%,14 990р.,https://nestidno.ru/nabor-dlya-pary-we-vibe-date-night-set-vibrator-nova-2-vibrokoltso-pivot,https://nestidno.ru/image/cache/catalog/SNC21SG9_999999-500x500.jpg
Набор эрекционных колец TOYFA A-TOYS,990р.,Нет,Нет,https://nestidno.ru/nabor-erektsionnyh-kolets-toyfa-a-toys-768015,https://nestidno.ru/image/cache/catalog/i/jp/cl/15e0d4e5b60429544699c4e6a013db4d-500x500.jpg
Увеличивающая насадка для пениса SUPER HERO DEVIL 7001-06LOLA,1 990р.,Нет,Нет,https://nestidno.ru/uvelichivayuschaya-nasadka-dlya-penisa-super-hero-devil-7001-06lola,https://nestidno.ru/image/cache/catalog/7001-06LOLA-500x500.jpg
Увеличивающая насадка для пениса SUPER HERO SEX MACHINE 7001-05LOLA,1 990р.,Нет,Нет,https://nestidno.ru/uvelichivayuschaya-nasadka-dlya-penisa-super-hero-sex-machine-7001-05lola,https://nestidno.ru/image/cache/catalog/7001-05lola-500x500.jpg
Увеличивающая насадка для пениса SUPER HERO WINNER 7001-10LOLA,1 990р.,Нет,Нет,https://nestidno.ru/uvelichivayuschaya-nasadka-dlya-penisa-super-hero-winner-7001-10lola,https://nestidno.ru/image/cache/catalog/7001-10LOLA-500x500.jpg
Увеличивающая насадка для пениса с кольцом COCK NEXT КИБЕРКОЖА 210 х 39 мм,1 750р.,Нет,Нет,https://nestidno.ru/uvelichivayuschaya-nasadka-dlya-penisa-s-koltsom-cock-next-kiberkoga-210-h-39-mm-artikul-692403,https://nestidno.ru/image/cache/catalog/692403-500x500.jpg
Увеличивающая насадка с кольцом Perfect 1 Extension with Ball Strap Fantasy X-tensions PD4116-21,3 990р.,Нет,Нет,https://nestidno.ru/udlinyayushchaya-nasadka-fantasy-x-tensions-perfect-1,https://nestidno.ru/image/cache/catalog/i/hn/co/b20b985bae0dd6f9921fac1221aba8da-500x500.jpg
Насадка для пениса с доп.стимуляцией Bad Kitty 5055870000,1 990р.,Нет,Нет,https://nestidno.ru/nasadka-dlya-penisa-s-dop-stimulyatsiej-bad-kitty-5055870000,https://nestidno.ru/image/cache/catalog/5055870000-500x500.jpg
"Стальное эрекционное кольцо 3, 5 см STEEL COCK RING BLM4001",750р.,Нет,Нет,https://nestidno.ru/stalnoe-erektsionnoe-koltso-3-5-sm-steel-cock-ring-blm4001,https://nestidno.ru/image/cache/catalog/i/eh/li/e60b79171c3d2e6bcb958e3e38d10c8b-500x500.jpg
ШИРОКОЕ МЕТАЛЛИЧЕСКОЕ ЭРЕКЦИОННОЕ КОЛЬЦО TOYFA METAL,1 290р.,Нет,Нет,https://nestidno.ru/shirokoe-metallicheskoe-erektsionnoe-koltso-toyfa-metal,https://nestidno.ru/image/cache/catalog/717104-500x500.jpg
Набор секс-игрушек Fifty Shades of Grey Pleasure Overload 10 Days of Play Gift Set,11 000р.,Нет,Нет,https://nestidno.ru/nabor-seks-igrushek-fifty-shades-of-grey-pleasure-overload-10-days-of-play-gift-set,https://nestidno.ru/image/cache/catalog/75165-500x500.jpg
НАСАДКА-УВЕЛИЧИТЕЛЬ YES KLEON С КОЛЬЦОМ 150 мм F-026ч,1 600р.,-25%,1 199р.,https://nestidno.ru/nasadka-uvelichitel-yes-kleon-s-koltsom-150-mm-f-026ch,https://nestidno.ru/image/cache/catalog/F-025%D1%87-500x500.jpg
ВИБРОНАСАДКА ДЛЯ ДВОЙНОГО ПРОНИКНОВЕНИЯ PURE PASSION JUNGLE BUNNY WINE RED,2 490р.,Нет,Нет,https://nestidno.ru/vibronasadka-dlya-dvojnogo-proniknoveniya-pure-passion-jungle-bunny-wine-red,https://nestidno.ru/image/cache/catalog/1202-02LOLA-500x500.jpg
"Набор эрекционных колец SEX EXPERT 3/2,5 см SEM-55187	",1 290р.,Нет,Нет,https://nestidno.ru/nabor-erektsionnyh-kolets-sex-expert-3-2-5-sm-sem-55187,https://nestidno.ru/image/cache/catalog/SEM-55187_1-500x500.jpg
ЭРЕКЦИОННОЕ ВИБРОКОЛЬЦО Happy Rabbit Rechargeable Cock Ring Blue,4 490р.,Нет,Нет,https://nestidno.ru/erektsionnoe-vibrokoltso-happy-rabbit-rechargeable-cock-ring-blue,https://nestidno.ru/image/cache/catalog/84679-500x500.jpg
НАСАДКА С КОЛЬЦОМ ДЛЯ МОШОНКИ SexExpert 18 см SEM-55107,990р.,Нет,Нет,https://nestidno.ru/nasadka-s-koltsom-dlya-moshonki-sexexpert-l-180-mm-art-sem-55107,https://nestidno.ru/image/cache/catalog/sem-55107_77777777_4-500x500.jpg
Увеличивающая насадка для пениса с кольцом COCK NEXT КИБЕРКОЖА 135 х 28 мм,1 590р.,Нет,Нет,https://nestidno.ru/uvelichivayuschaya-nasadka-dlya-penisa-s-koltsom-cock-next-kiberkoga-135-h-28-mm-artikul-692103,https://nestidno.ru/image/cache/catalog/692103_555-500x500.jpg
ВИБРОНАСАДКА ДЛЯ ДВОЙНОГО ПРОНИКНОВЕНИЯ PURE PASSION BRAMBLE Black,1 750р.,Нет,Нет,https://nestidno.ru/vibronasadka-dlya-dvojnogo-proniknoveniya-pure-passion-bramble-black,https://nestidno.ru/image/cache/catalog/1201-01lola-500x500.jpg
Закрытая насадка для пениса Erowoman Crystal Sleeve,790р.,Нет,Нет,https://nestidno.ru/zakritaya-nasadka-dlya-penisa-erowoman-crystal-sleeve,https://nestidno.ru/image/cache/catalog/10008-1_1-500x500.jpg
Кольцо на пенис из искусственной кожи на липучке VELCRO COCK RING - 5 см.,790р.,-37%,499р.,https://nestidno.ru/koltso-na-penis-iz-iskusstvennoj-kogi-na-lipuchke-velcro-cock-ring-5-sm,https://nestidno.ru/image/cache/catalog/blm1706_5-500x500.jpg
КОЛЬЦО ЭРЕКЦИОННОЕ SEX EXPERT SEM-55152,990р.,Нет,Нет,https://nestidno.ru/koltso-erektsionnoe-sex-expert-sem-55152,https://nestidno.ru/image/cache/catalog/i/pn/gd/02a7ee1af564536e1a77f15b2337d7a7-500x500.jpg
КОЛЬЦО ЭРЕКЦИОННОЕ SexExpert арт. SEM-55079,490р.,Нет,Нет,https://nestidno.ru/koltso-erektsionnoe-sexexpert-art-sem-55079,https://nestidno.ru/image/cache/catalog/i/bc/oh/4c8e64a42beda15b108dd5cdb7b7057d-500x500.jpg
КОЛЬЦО ЭРЕКЦИОННОЕ SexExpert арт. SEM-55080,490р.,Нет,Нет,https://nestidno.ru/koltso-erektsionnoe-sexexpert-art-sem-55080,https://nestidno.ru/image/cache/catalog/i/fb/ie/9784b2521234a8ea9d32eb5cfa43f1a3-500x500.jpg
Набор эрекционный колец Eroman 3 шт.,350р.,Нет,Нет,https://nestidno.ru/nabor-erektsionnyj-kolets-eroman-3-sht,https://nestidno.ru/image/cache/catalog/EE-10194_-500x500.jpg
Набор эрекционных колец SexExpert,390р.,Нет,Нет,https://nestidno.ru/nabor-erektsionnih-kolets-sexexpert-sem-55002,https://nestidno.ru/image/cache/catalog/i/kl/co/7066aba69d56cd449927bb130303c57a-500x500.jpg
Насадка для пениса с доп.стимуляцией Bad Kitty 5097790000,1 990р.,Нет,Нет,https://nestidno.ru/nasadka-dlya-penisa-s-dop-stimulyatsiej-bad-kitty-5097790000,https://nestidno.ru/image/cache/catalog/5097790000-500x500.jpg
НАСАДКА С КОЛЬЦОМ ДЛЯ МОШОНКИ SexExpert 16 см,990р.,Нет,Нет,https://nestidno.ru/nasadka-s-koltsom-dlya-moshonki-sexexpert-l-160-mm-art-sem-55108,https://nestidno.ru/image/cache/catalog/sem-55108-500x500.jpg
НАСАДКА С КОЛЬЦОМ ДЛЯ МОШОНКИ SexExpert арт. SEM-55110,990р.,Нет,Нет,https://nestidno.ru/nasadka-s-koltsom-dlya-moshonki-sexexpert-art-sem-55110,https://nestidno.ru/image/cache/catalog/i/ce/bn/e8bbfd8dc8980570f147bb896276a47a-500x500.jpg
"НАСАДКА-УДЛИНИТЕЛЬ EXTENTION SLEEVE 17 х 4,6 см SB-002ES",1 990р.,Нет,Нет,https://nestidno.ru/nasadka-udlinitel-extention-sleeve-17-h-4-6-sm-sb-002es,https://nestidno.ru/image/cache/catalog/SB-002ES-500x500.jpg
"НАСАДКА-УДЛИНИТЕЛЬ EXTENTION SLEEVE 170 x 45 мм, артикул SB-003ES",1 990р.,Нет,Нет,https://nestidno.ru/nasadka-udlinitel-extention-sleeve-170-x-45-mm-artikul-sb-003es,https://nestidno.ru/image/cache/catalog/i/gc/lj/fe2b4caf356907c647c675886cc0bbab-500x500.jpg
"Стальное эрекционное кольцо 4, 8 см STEEL COCK RING BLM4003",890р.,-27%,650р.,https://nestidno.ru/stalnoe-erektsionnoe-koltso-4-8-sm-steel-cock-ring-blm4003,https://nestidno.ru/image/cache/catalog/i/bl/cg/740029555d0cfb028c6a439a301e88a3-500x500.jpg
"Стальное эрекционное кольцо 5,5 см STEEL COCK RING BLM4004",750р.,Нет,Нет,https://nestidno.ru/stalnoe-erektsionnoe-koltso-5-5-sm-steel-cock-ring-blm4004,https://nestidno.ru/image/cache/catalog/i/li/jo/9d8bec1ea6cdda9b7626366684584541-500x500.jpg
"Стимулирующая НАСАДКА SEX EXPERT 12,5 х 3,8 см SEM-55204	",750р.,Нет,Нет,https://nestidno.ru/stimuliruyuschaya-nasadka-sex-expert-12-5-h-3-8-sm-sem-55204,https://nestidno.ru/image/cache/catalog/SEM-55204-500x500.jpg
