Антибактериальный очищающий спрей Clear Toy 100 мл,390р.,Нет,Нет,https://nestidno.ru/antibakterialniy-ochishchayushchiy-sprey-clear-toy-75-ml,https://nestidno.ru/image/cache/catalog/i/kg/cm/00812ae9b8554f2e005a7a08896d348e-500x500.jpg
Возбуждающее средство для мужчин Man's Power+ 10 капсул,2 290р.,Нет,Нет,https://nestidno.ru/vozbugdayuschee-sredstvo-dlya-mugchin-man-s-power-10-kapsul,https://nestidno.ru/image/cache/catalog/150129-500x500.jpeg
Презервативы MY.SIZE 223 х 69 мм 10 шт,1 750р.,Нет,Нет,https://nestidno.ru/prezervativy-my-size-223-%D1%85-69-mm-10-sht,https://nestidno.ru/image/cache/catalog/143215-500x500.jpg
ПУДРА ДЛЯ УХОДА ЗА ИГРУШКАМИ ИЗ КИБЕРКОЖИ TOY POWDER 50 Г,350р.,Нет,Нет,https://nestidno.ru/pudra-dlya-igrushek-erotist-toy-powder-50-g,https://nestidno.ru/image/cache/catalog/541440-500x500.jpg
Самые тонкие презервативы Sagami Original 002 2 шт.,850р.,Нет,Нет,https://nestidno.ru/samie-tonkie-prezervativi-sagami-original-002-2-poliuretanovie,https://nestidno.ru/image/cache/catalog/i/hd/la/5726a7b6917937a3d746bf1be2b2a71d-500x500.jpg
Спрей для очищения и дезинфекции секс-игрушек Eska,590р.,Нет,Нет,https://nestidno.ru/sprej-dlya-ochischeniya-i-dezinfektsii-seks-igrushek-eska,https://nestidno.ru/image/cache/catalog/0189ESclean-500x500.jpg
Возбудитель для двоих Любовный эликсир 30+ - 20 мл.,1 290р.,Нет,Нет,https://nestidno.ru/vozbuditel-dlya-dvoih-lyubovnyj-eliksir-30-20-ml,https://nestidno.ru/image/cache/catalog/%D0%9B%D0%AD-02-500x500.jpg
Возбудитель для двоих Любовный эликсир 45+ - 20 мл.,1 290р.,Нет,Нет,https://nestidno.ru/vozbuditel-dlya-dvoih-lyubovnyj-eliksir-45-20-ml,https://nestidno.ru/image/cache/catalog/%D0%9B%D0%AD-03-500x500.jpg
Возбуждающие капли для женщин EXTREME W SPAIN FLY STRONG DROPS 30 мл,1 690р.,Нет,Нет,https://nestidno.ru/vozbugdayuschie-kapli-dlya-genschin-extreme-w-spain-fly-strong-drops-30-ml,https://nestidno.ru/image/cache/catalog/77103.07-500x500.jpg
Возбуждающий БАД для женщин Milan ЛИБЕС ТРОПФЕН LIEBES TROPFEN 20 мл,1 990р.,-25%,1 490р.,https://nestidno.ru/vozbugdayuschij-bad-dlya-genschin-milan-libes-tropfen-liebes-tropfen-20-ml,https://nestidno.ru/image/cache/catalog/21-00011103-500x500.jpg
"Женские капли POTENTIAL 69 7,5 мл (12 доз)",2 300р.,Нет,Нет,https://nestidno.ru/genskie-kapli-potential-69-7-5-ml-12-doz,https://nestidno.ru/image/cache/catalog/150370-500x500.jpeg
"КАПЛИ ДЛЯ ЖЕНЩИН FORTE LOVE POWER, 7 АМПУЛ ПО 2,5 МЛ",1 750р.,Нет,Нет,https://nestidno.ru/kapli-dlya-genschin-forte-love-power-7-ampul-po-2-5-ml,https://nestidno.ru/image/cache/catalog/Forte%20Love%20Power-500x500.jpg
КАПЛИ ДЛЯ ЖЕНЩИН RASPUTNICA 30 МЛ,1 750р.,Нет,Нет,https://nestidno.ru/kapli-dlya-genschin-rasputnica-30-ml,https://nestidno.ru/image/cache/catalog/RASPUTNICA-500x500.jpg
КАПЛИ ДЛЯ ЖЕНЩИН RUF HSG DROPS 20 МЛ,1 750р.,-15%,1 490р.,https://nestidno.ru/kapli-dlya-genschin-ruf-hsg-drops-20-ml,https://nestidno.ru/image/cache/catalog/1042-500x500.jpg
"Мужские капли POTENTIAL 69 7,5 мл (12 доз)",2 300р.,Нет,Нет,https://nestidno.ru/mugskie-kapli-potential-69-7-5-ml-12-doz,https://nestidno.ru/image/cache/catalog/150358-500x500.jpeg
Набор желтый менструальных чаш Satisfyer Feel CONFIDENT Menstrual Cup,1 990р.,-50%,990р.,https://nestidno.ru/nabor-geltyj-menstrualnyh-chash-satisfyer-feel-confident-menstrual-cup,https://nestidno.ru/image/cache/catalog/j1762-7_4-500x500.jpg
"Набор латексных презервативов Eska INDIGO, 4 шт",490р.,-19%,399р.,https://nestidno.ru/nabor-lateksnyh-prezervativov-eska-indigo-4-sht,https://nestidno.ru/image/cache/catalog/0123ESC-500x500.jpg
Презервативы сверхпрочные VITALIS Strong 3 шт,250р.,Нет,Нет,https://nestidno.ru/vitalis-3-strong-prezervativy-sverhprochnye,https://nestidno.ru/image/cache/catalog/i/pp/ne/2823ef0705dc4a930cbea750b0476ac4-500x500.jpeg
Сумочка для хранения секс-игрушек Dorcel DISCREET BOX,1 990р.,Нет,Нет,https://nestidno.ru/sumochka-dlya-hraneniya-seks-igrushek-dorcel-discreet-box,https://nestidno.ru/image/cache/catalog/6072653D_-500x500.jpg
 Презервативы анатомической формы VITALIS Comfort+ 3 шт,290р.,Нет,Нет,https://nestidno.ru/vitalis-3-comfort-prezervativy-anatomicheskoj-formy,https://nestidno.ru/image/cache/catalog/i/lb/li/337e6c8422cecd3c31418b809b3cc2d4-500x500.jpeg
VITALIS №12 Super thin Презервативы супертонкие,990р.,Нет,Нет,https://nestidno.ru/vitalis-12-super-thin-prezervativy-supertonkie,https://nestidno.ru/image/cache/catalog/143178-500x500.jpeg
Презервативы с продлевающим эффектом Masculan Long Pleasure 10 шт.,850р.,Нет,Нет,https://nestidno.ru/prezervativy-s-prodlevayuschim-effektom-masculan-long-pleasure-10-sht,https://nestidno.ru/image/cache/catalog/longpleasure-500x500.jpg
Презервативы Экстремально тонкие MAXUS 003 №15 ж/к,1 290р.,Нет,Нет,https://nestidno.ru/prezervativy-ekstremalno-tonkie-maxus-003-15-g-k,https://nestidno.ru/image/cache/catalog/0901-037-500x500.png
Абсорбирующая палочка для просушки мастурбаторов REAL Rod 29 гр,350р.,Нет,Нет,https://nestidno.ru/absorbiruyuschaya-palochka-dlya-prosushki-masturbatorov-real-rod-29-gr,https://nestidno.ru/image/cache/catalog/ROD-01-500x500.jpg
БАД Возбуждающие капсулы для мужчин Саймы №1,990р.,Нет,Нет,https://nestidno.ru/bad-vozbugdayuschie-kapsuly-dlya-mugchin-sajmy-1,https://nestidno.ru/image/cache/catalog/saim1-500x500.jpg
БАД Возбуждающие капсулы для мужчин ТИГР ЛАОХУ 3 шт. по 7 г,1 990р.,Нет,Нет,https://nestidno.ru/bad-vozbugdayuschie-kapsuly-dlya-mugchin-tigr-laohu-3-sht-po-7-g,https://nestidno.ru/image/cache/catalog/laohu_345-500x500.jpg
БАД капсулы Саймы №4,2 490р.,Нет,Нет,https://nestidno.ru/bad-kapsuly-sajmy-4-0-35,https://nestidno.ru/image/cache/catalog/saim-500x500.jpg
Возбудитель-капли для женщин GOLD W SPAIN FLY DROPS 30 мл,1 790р.,Нет,Нет,https://nestidno.ru/vozbuditel-kapli-dlya-genschin-gold-w-spain-fly-drops-30-ml,https://nestidno.ru/image/cache/catalog/77101.0-500x500.jpg
Презервативы Sagami Xtreme Cobra 3 шт.,450р.,Нет,Нет,https://nestidno.ru/prezervativi-sagami-xtreme-cobra-3-sht,https://nestidno.ru/image/cache/catalog/i/ip/mo/6fec340c0457b0b232ec7d57dcca1fb8-500x500.jpg
VITALIS №12 Color Презервативы цветные ароматизированные,890р.,Нет,Нет,https://nestidno.ru/vitalis-12-color-prezervativy-tsvetnye-aromatizirovannye,https://nestidno.ru/image/cache/catalog/143180-500x500.jpeg
БАД для мужчин Фулибао Форте 2 капсулы,990р.,Нет,Нет,https://nestidno.ru/bad-dlya-mugchin-fulibao-2-kapsuly,https://nestidno.ru/image/cache/catalog/150113%2B1-500x500.jpg
Презервативы SAGAMI Xtreme Type-E 3 шт,450р.,Нет,Нет,https://nestidno.ru/prezervativi-sagami-3-xtreme-dotts-anatomicheskie,https://nestidno.ru/image/cache/catalog/i/db/eh/2e20bc96e2f0caf4847956f7d90c3fde-500x500.jpg
Презервативы Экстремально тонкие MAXUS 003 №3 ж/к,590р.,Нет,Нет,https://nestidno.ru/prezervativy-ekstremalno-tonkie-maxus-003-3-g-k,https://nestidno.ru/image/cache/catalog/i/gb/md/807645f40c7051027b664f7fc3f843bf-500x500.png
Возбуждающее средство для мужчин Man's Power+ 2 капсулы,690р.,Нет,Нет,https://nestidno.ru/vozbugdayuschee-sredstvo-dlya-mugchin-man-s-power-2-kapsuly,https://nestidno.ru/image/cache/catalog/150133-500x500.jpeg
Полиуретановые презервативы Sagami Original 002 L-Size 12 штук,4 750р.,Нет,Нет,https://nestidno.ru/poliuretanovye-prezervativy-sagami-original-002-l-size-12-shtuk,https://nestidno.ru/image/cache/catalog/150304-500x500.jpeg
Презервативы Luxe MAXIMA №1 Королевский экспресс,275р.,Нет,Нет,https://nestidno.ru/prezervativi-luxe-maxima-1-korolevskiy-ekspress,https://nestidno.ru/image/cache/catalog/141032-500x500.jpeg
Презервативы Sagami Xtreme Ultrasafe 10 шт.,1 290р.,Нет,Нет,https://nestidno.ru/prezervativi-sagami-xtreme-ultrasafe-10-sht,https://nestidno.ru/image/cache/catalog/i/bd/ac/5ee22424ab1ed6c0465a9967078d8e9d-500x500.jpg
VITALIS №12 Comfort+ Презервативы анатомической формы,990р.,Нет,Нет,https://nestidno.ru/vitalis-12-comfort-prezervativy-anatomicheskoj-formy,https://nestidno.ru/image/cache/catalog/143175-500x500.jpeg
ОРАЛЬНЫЕ ПРЕЗЕРВАТИВЫ DOMINO SWEET SEX STRAWBERRY COCTAIL 3 шт.,275р.,Нет,Нет,https://nestidno.ru/oralnye-prezervativy-domino-sweet-sex-strawberry-coctail-3-sht,https://nestidno.ru/image/cache/catalog/STRAWBERRY-500x500.jpg
Презервативы Luxe MAXIMA №1 Аризонский бульдог,275р.,Нет,Нет,https://nestidno.ru/prezervativi-luxe-maxima-1-arizonskiy-buldog,https://nestidno.ru/image/cache/catalog/141027-500x500.jpeg
Презервативы Luxe №1 Летучий голландец,275р.,Нет,Нет,https://nestidno.ru/prezervativ-luxe-letuchiy-gollandets,https://nestidno.ru/image/cache/catalog/141036-500x500.jpeg
ПРЕЗЕРВАТИВЫ MASCULAN 5 ULTRA № 3 (УТОНЧЕННЫЙ ЛАТЕКС ЗОЛОТОГО ЦВЕТА) 3 шт,390р.,Нет,Нет,https://nestidno.ru/prezervativy-masculan-5-ultra-3-utonchennyj-lateks-zolotogo-tsveta-3-sht,https://nestidno.ru/image/cache/catalog/masc-500x500.png
Презервативы MY.SIZE 160х47 мм 10 шт,1 750р.,Нет,Нет,https://nestidno.ru/prezervativi-mysize-160h47-mm-10-sht,https://nestidno.ru/image/cache/catalog/143165-500x500.jpg
ПРЕЗЕРВАТИВЫ UNILATEX DOTTED с точечной поверхностью 15 шт,699р.,Нет,Нет,https://nestidno.ru/prezervativy-unilatex-dotted-s-tochechnoj-poverhnostyu-12-sht-art-3020,https://nestidno.ru/image/cache/catalog/i/fn/mg/41d1c44aeb3ff8f39d426e90b71da308-500x500.jpg
"ПРЕЗЕРВАТИВЫ UNILATEX NATURAL PLAIN классические, 15 шт., арт. 3013",699р.,Нет,Нет,https://nestidno.ru/prezervativy-unilatex-natural-plain-klassicheskie-12-sht-art-3013,https://nestidno.ru/image/cache/catalog/i/pf/pl/1dc1ab6adbd2b31eb7576b8667f31263-500x500.jpg
ПРЕЗЕРВАТИВЫ UNILATEX ULTRA THIN ультратонкие 15 шт.  арт. 3015,699р.,Нет,Нет,https://nestidno.ru/prezervativy-unilatex-ultra-thin-ultratonkie-12-sht-art-3015,https://nestidno.ru/image/cache/catalog/i/nk/ng/f77a29fec05bc1cc2f7a589f2c63e580-500x500.jpg
Самые тонкие презервативы Sagami Original 002 1 шт.,450р.,Нет,Нет,https://nestidno.ru/samye-tonkie-prezervativy-sagami-original-002-1-sht,https://nestidno.ru/image/cache/catalog/143160-500x500.jpg
Самые тонкие презервативы Sagami Original Quick 6 шт.,2 490р.,Нет,Нет,https://nestidno.ru/samie-tonkie-prezervativi-sagami-original-quick-6,https://nestidno.ru/image/cache/catalog/i/bk/hl/e2b461359188a8c23b0ca589522cf635-500x500.jpg
Тонкие презервативы Masculan Ultra Fine 10 шт.,850р.,Нет,Нет,https://nestidno.ru/tonkie-prezervativy-masculan-ultra-fine-10-sht,https://nestidno.ru/image/cache/catalog/masculanultrafine10_6-500x500.jpg
Презервативы MY.SIZE PRO Размер 60 36 шт,4 900р.,Нет,Нет,https://nestidno.ru/prezervativy-my-size-pro-razmer-60-36-sht,https://nestidno.ru/image/cache/catalog/MY.SIZE%20%E2%84%9636%20%D1%80%D0%B0%D0%B7%D0%BC%D0%B5%D1%80%2060-500x500.jpg
VITALIS №12 Sensation Презервативы с кольцами и точками,990р.,Нет,Нет,https://nestidno.ru/vitalis-12-sensation-prezervativy-s-koltsami-i-tochkami,https://nestidno.ru/image/cache/catalog/143199-500x500.jpeg
ГОРЯЧИЕ КУПОНЫ Я ХОЧУ арт. 5378497,290р.,Нет,Нет,https://nestidno.ru/goryachie-kupony-ya-hochu-art-5378497,https://nestidno.ru/image/cache/catalog/5378497-500x500.jpg
Карамель без сахара Love Rocket,190р.,Нет,Нет,https://nestidno.ru/index.php?route=product/product&product_id=15087,https://nestidno.ru/image/cache/catalog/k1679-500x500.jpg
"МЕНСТРУАЛЬНАЯ ЧАША SATISFYER FEEL SECURE, 2 ШТ В НАБОРЕ, СИЛИКОН, ЗЕЛЕНЫЙ",1 990р.,-50%,990р.,https://nestidno.ru/menstrualnaya-chasha-satisfyer-feel-secure-2-sht-v-nabore-silikon-zelenyj,https://nestidno.ru/image/cache/catalog/j1766-5-500x500.jpg
Презервативы Sagami Xtreme Feel Up 3 шт.,450р.,Нет,Нет,https://nestidno.ru/prezervativi-sagami-xtreme-feel-up-3-sht,https://nestidno.ru/image/cache/catalog/i/pc/hb/6578f2357935bc326dd1254a05cbb980-500x500.jpg
Презервативы Sagami Xtreme Mint 10 шт.,1 290р.,Нет,Нет,https://nestidno.ru/prezervativi-sagami-xtreme-mint-10-sht,https://nestidno.ru/image/cache/catalog/143162_666-500x500.jpg
Презервативы Sagami Xtreme Strawberry 10 шт.,1 290р.,Нет,Нет,https://nestidno.ru/prezervativi-sagami-xtreme-strawberry-10-sht,https://nestidno.ru/image/cache/catalog/143163_9-500x500.jpg
Презервативы светящиеся в темноте DOMINO NEON GREEN 3 шт.,275р.,Нет,Нет,https://nestidno.ru/prezervativy-svetyaschiesya-v-temnote-domino-neon-green-3-sht,https://nestidno.ru/image/cache/catalog/neon-500x500.jpg
ОРАЛЬНЫЕ ПРЕЗЕРВАТИВЫ DOMINO SWEET SEX TROPICANA 3 шт.,275р.,Нет,Нет,https://nestidno.ru/oralnye-prezervativy-domino-sweet-sex-strawberry-tropicana-3-sht,https://nestidno.ru/image/cache/catalog/TROPICANA-500x500.jpg
Презервативы в подарочной упаковке Экстремально тонкие Maxus SO MUCH SEX 003 (50 шт),3 990р.,-25%,2 990р.,https://nestidno.ru/prezervativy-v-podarochnoj-upakovke-ekstremalno-tonkie-maxus-so-much-sex-003-50-sht,https://nestidno.ru/image/cache/catalog/0901-045-500x500.jpeg
