Лубрикант на водной основе с дозатором AQUAglide 125 мл,1 100р.,Нет,Нет,https://nestidno.ru/lubrikant-na-vodnoj-osnove-s-dozatorom-aquaglide-125-ml,https://nestidno.ru/image/cache/catalog/11896-500x500.jpeg
Анальный лубрикант Bioritm Analove 50 гр,990р.,Нет,Нет,https://nestidno.ru/analniy-krem-lubrikant-analove-50-gr,https://nestidno.ru/image/cache/catalog/i/ia/nn/898a065661e8ba08e40a90fd4e26dbdb-500x500.jpg
Гибридный лубрикант с согревающим эффектом SILICON LOVE SURPRISE 50 г,690р.,-28%,499р.,https://nestidno.ru/gibridnyj-lubrikant-silicon-love-surprise-50-g,https://nestidno.ru/image/cache/catalog/lb-21005-500x500.jpg
"Интимный гель для клитора ORGIE Orgasm Drops, с разогревающим эффектом, 30 мл (жидкий вибратор)",2 490р.,Нет,Нет,https://nestidno.ru/intimnyj-gel-dlya-klitora-orgie-orgasm-drops-s-razogrevayuschim-effektom-30-ml-gidkij-vibrator,https://nestidno.ru/image/cache/catalog/i/bo/jm/b7ac2e8f91f7e2ac474c1e7e37bfcc05-500x500.jpg
Интимный сужающий гель INTT Like a Virgin,1 990р.,Нет,Нет,https://nestidno.ru/intimnyj-sugayuschij-gel-intt-like-a-virgin,https://nestidno.ru/image/cache/catalog/LV0001-500x500.jpg
Лубрикант на водной основе JOYDROPS Natural 100 мл,590р.,Нет,Нет,https://nestidno.ru/lubrikant-na-vodnoj-osnove-joydrops-natural-100-ml,https://nestidno.ru/image/cache/catalog/301.0002-500x500.jpeg
Лубрикант на водной основе Just Glide Anal 200 мл,990р.,Нет,Нет,https://nestidno.ru/lubrikant-na-vodnoy-osnove-just-glide-anal-200-ml,https://nestidno.ru/image/cache/catalog/6239460000_555-500x500.jpg
Пролонгирующий спрей Pjur Med Pro-long Spray 20 мл,1 990р.,Нет,Нет,https://nestidno.ru/prolongiruyushchiy-sprey-pjurmed-pro-long-spray,https://nestidno.ru/image/cache/catalog/10910-500x500.jpg
"Расслабляющий лубрикант EasyAnal, 80 мл",1 490р.,Нет,Нет,https://nestidno.ru/rasslablyayushchiy-lubrikant-easyanal-80-ml,https://nestidno.ru/image/cache/catalog/i/fa/hp/41009fcb5a9a21638c1ec66351b87911-500x500.jpg
"Спрей для глубоких техник Orgie WOW! Blowjob Spray с охлаждающим и возбуждающим эффектом, 10 мл",1 990р.,Нет,Нет,https://nestidno.ru/oralnyj-sprej-orgie-wow-blowjob-spray-s-ohlagdayuschim-i-vozbugdayuschim-effektom-10-ml,https://nestidno.ru/image/cache/catalog/21364-500x500.jpg
Спрей-пролонгатор для мужчин Stud5000 5 мл,1 490р.,Нет,Нет,https://nestidno.ru/sprej-prolongator-stud100-12-g,https://nestidno.ru/image/cache/catalog/STUD100-2_2343567-500x500.png
Стимулирующий лубрикант BioGlide American 100 мл,1 300р.,Нет,Нет,https://nestidno.ru/stimuliruyushchiy-lubrikant-bioglide-american-100-ml,https://nestidno.ru/image/cache/catalog/11030-500x500.jpeg
"Сужающий гель Orgie Tighten Gel, 15 мл",1 490р.,Нет,Нет,https://nestidno.ru/sugayuschij-gel-orgie-tighten-gel-15-ml,https://nestidno.ru/image/cache/catalog/21272-500x500.jpg
Съедобное массажное масло Bioritm Eros Кокос 50 мл,390р.,Нет,Нет,https://nestidno.ru/sedobnoe-massagnoe-maslo-eros-kokos,https://nestidno.ru/image/cache/catalog/i/lo/op/f4d7c427f1fc689760619eeffcc0ce6e-500x500.jpg
Анальный охлаждающий и обезболивающий лубрикант на водной основе JO Anal H2O COOLING - 60 мл.,1 290р.,Нет,Нет,https://nestidno.ru/analnyj-ohlagdayuschij-i-obezbolivayuschij-lubrikant-na-vodnoj-osnove-jo-anal-h2o-cooling-60-ml,https://nestidno.ru/image/cache/catalog/i/di/od/3f08950b2b47e2f51fb024786ded049c-500x500.jpg
Возбуждающий лубрикант Cosmo Vibro 50 г,750р.,Нет,Нет,https://nestidno.ru/stimuliruyushchiy-lubrikant-bioritm-cosmovibro-50-g-lb-23001,https://nestidno.ru/image/cache/catalog/i/ik/ce/bda355554743c3a042e3ed8048db27f3-500x500.jpg
Гель для орального секса AquaGlide Земляника 100 мл,1 100р.,Нет,Нет,https://nestidno.ru/gel-dlya-oralnogo-seksa-aquaglide-zemlyanika-100-ml,https://nestidno.ru/image/cache/catalog/i/hn/hl/5783ad130fdfc956bc2f9a4057057c1b-500x500.jpg
"Гель на водной основе разогревающий INTT Hot Anal, 100 мл",1 490р.,Нет,Нет,https://nestidno.ru/gel-na-vodnoj-osnove-razogrevayuschij-intt-hot-anal-100-ml,https://nestidno.ru/image/cache/catalog/LU0002-500x500.jpg
Интимный гель для клитора с эффектом вибрации INTT VIBRATION Coffee 15 мл,2 490р.,Нет,Нет,https://nestidno.ru/intimnyj-gel-dlya-klitora-s-effektom-vibratsii-intt-vibration-coffee-15-ml,https://nestidno.ru/image/cache/catalog/VIB0005-500x500.jpg
Интимный гель для клитора с эффектом вибрации INTT VIBRATION Ganjah 15 мл,2 490р.,Нет,Нет,https://nestidno.ru/intimnyj-gel-dlya-klitora-s-effektom-vibratsii-intt-vibration-ganjah-15-ml,https://nestidno.ru/image/cache/catalog/GA0001-500x500.jpg
"Лубрикант на водной основе AquaGlide, 50 мл",490р.,Нет,Нет,https://nestidno.ru/lubrikant-na-vodnoy-osnove-aquaglide-50-ml,https://nestidno.ru/image/cache/catalog/i/pc/kd/165d8f284a24a623d522102fe9de56a3-500x500.jpg
Лубрикант на водной основе Bioglide 150 мл,1 490р.,Нет,Нет,https://nestidno.ru/lubrikant-na-vodnoy-osnove-bioglide-150-ml,https://nestidno.ru/image/cache/catalog/i/io/ec/2298ae48712910fb72a0bfb8cb7d2bbb-500x500.jpg
Лубрикант на водной основе Eska Дикий Лес 200 мл,1 490р.,Нет,Нет,https://nestidno.ru/lubrikant-na-vodnoj-osnove-eska-dikij-les-200-ml,https://nestidno.ru/image/cache/catalog/eskalubeles200ml-500x500.jpg
Лубрикант на водной основе с ароматом сахарной ваты INTT Cotton Candy Lubricant 100 мл,1 490р.,Нет,Нет,https://nestidno.ru/lubrikant-na-vodnoj-osnove-s-aromatom-saharnoj-vaty-intt-cotton-candy-lubricant-100-ml,https://nestidno.ru/image/cache/catalog/LU0003-500x500.jpg
Лубрикант на силиконовой основе JOYDROPS 50 мл,990р.,Нет,Нет,https://nestidno.ru/lubrikant-na-silikonovoj-osnove-joydrops-50-ml,https://nestidno.ru/image/cache/catalog/307.0002-500x500.jpeg
МАССАЖНАЯ СВЕЧА С АРОМАТОМ ВАНИЛИ SHUNGA Vanilla Fetish 30 МЛ,890р.,Нет,Нет,https://nestidno.ru/massagnaya-svecha-s-aromatom-vanili-shunga-vanilla-fetish-30-ml,https://nestidno.ru/image/cache/catalog/4601-500x500.jpg
Массажная свеча с ароматом розы Massage Candle Rose Scented 100 гр,1 490р.,Нет,Нет,https://nestidno.ru/massagnaya-svecha-s-aromatom-rozy-massage-candle-rose-scented-100-gr,https://nestidno.ru/image/cache/catalog/OU455ROS-500x500.jpg
Массажная свеча с феромонами Massage Candle Pheromone Scented 100 гр,1 490р.,Нет,Нет,https://nestidno.ru/massagnaya-svecha-s-feromonami-massage-candle-pheromone-scented-100-gr,https://nestidno.ru/image/cache/catalog/OU455PHE-500x500.jpg
"Набор массажных свечей с ароматои розы, ванили и феромонов Massage Candle Set",3 490р.,Нет,Нет,https://nestidno.ru/nabor-massagnyh-svechej-s-aromatoi-rozy-vanili-i-feromonov-massage-candle-set,https://nestidno.ru/image/cache/catalog/OU454SET_-500x500.jpg
Порошок для создания смазки своими руками Cobeco Powder Lubricant  225 гр.,3 300р.,Нет,Нет,https://nestidno.ru/poroshok-dlya-sozdaniya-smazki-svoimi-rukami-cobeco-powder-lubricant-225-gr,https://nestidno.ru/image/cache/catalog/11800007-500x500.jpg
Пролонгирующий спрей Hot Delay,1 990р.,Нет,Нет,https://nestidno.ru/prolongiruyushchiy-sprey-delay,https://nestidno.ru/image/cache/catalog/44211-500x500.jpg
Пролонгирующий спрей YESforLOVE PLEASURE PROLONGING FORMULA,3 300р.,Нет,Нет,https://nestidno.ru/prolongiruyuschij-sprej-yesforlove-pleasure-prolonging-formula,https://nestidno.ru/image/cache/catalog/YFL01B37-500x500.jpeg
ЭЛИКСИР ДЛЯ ИНТИМНОГО УХОДА TRIPLE PLEASURE ФРАНЦУЗСКАЯ КАРАМЕЛЬ 130 ГР 10319JULEJU,990р.,Нет,Нет,https://nestidno.ru/eliksir-dlya-intimnogo-uhoda-triple-pleasure-frantsuzskaya-karamel-130-gr-10319juleju,https://nestidno.ru/image/cache/catalog/10319JULEJU-500x500.jpg
Возбуждающий гель-лубрикант на водной основе Swiss Navy Sensual Arousal Lubricant - 59 мл.,1 990р.,Нет,Нет,https://nestidno.ru/vozbugdayuschij-gel-lubrikant-na-vodnoj-osnove-swiss-navy-sensual-arousal-lubricant-59-ml,https://nestidno.ru/image/cache/catalog/SNAR2-500x500.jpg
Гель с сужающим эффектом Shiatsu Vagina TIGHTENING GEL Women 30 мл,1 990р.,Нет,Нет,https://nestidno.ru/gel-s-sugayuschim-effektom-shiatsu-vagina-tightening-gel-women-30-ml,https://nestidno.ru/image/cache/catalog/67203-500x500.jpg
ГИБРИДНЫЙ ЛУБРИКАНТ HYBRID - SILICONE 50 г,590р.,Нет,Нет,https://nestidno.ru/gibridnyj-lubrikant-hybrid-silicone-50-g,https://nestidno.ru/image/cache/catalog/LB-27001-500x500.jpg
Лубрикант для сужения влагалища Joydrops Vagina Tightener 100 мл,990р.,Нет,Нет,https://nestidno.ru/lubrikant-dlya-sugeniya-vlagalishcha-joydrops-vagina-tightener-100-ml,https://nestidno.ru/image/cache/catalog/3170001-500x500.jpg
Лубрикант для фистинга Pjur Power 150 мл,2 390р.,Нет,Нет,https://nestidno.ru/lubrikant-dlya-fistinga-pjurpower-150-ml,https://nestidno.ru/image/cache/catalog/i/fe/ma/ae99b26eeba67eb737920ebc35c1f8b5-500x500.jpg
Лубрикант на масляной основе Eska 75 мл,990р.,Нет,Нет,https://nestidno.ru/lubrikant-na-maslyanoj-osnove-eska-75-ml,https://nestidno.ru/image/cache/catalog/esl-02-500x500.jpg
МАССАЖНОЕ МАСЛО PLEASURE LAB RELAXING ВИНОГРАД И ИНЖИР 100 МЛ 1021-02LAB,990р.,Нет,Нет,https://nestidno.ru/massagnoe-maslo-pleasure-lab-relaxing-vinograd-i-ingir-100-ml-1021-02lab,https://nestidno.ru/image/cache/catalog/1021-02Lab-500x500.jpg
"Набор лубрикантов PJUR Mini Collection 4 x 10 мл (Original, Back Door, Woman Nude, Repair Glide)",1 390р.,Нет,Нет,https://nestidno.ru/nabor-lubrikantov-pjur-mini-collection-4-x-10-ml-original-back-door-woman-nude-repair-glide,https://nestidno.ru/image/cache/catalog/13840-500x500.jpg
Набор спрей и расслабляющий лубрикант JoyDivision EasyAnal 80 / 30 мл,2 490р.,Нет,Нет,https://nestidno.ru/nabor-sprej-i-rasslablyayuschij-lubrikant-joydivision-easyanal-80-30-ml-29101,https://nestidno.ru/image/cache/catalog/29101-500x500.png
Съедобное массажное масло WARMup Мята 150 мл,1 590р.,Нет,Нет,https://nestidno.ru/syedobnoe-massagnoe-maslo-warmup-myata-150-ml,https://nestidno.ru/image/cache/catalog/14333-500x500.jpg
Анальный согревающий лубрикант на водной основе JO Anal H2O Warming - 120 мл.,1 750р.,Нет,Нет,https://nestidno.ru/analnyj-sogrevayuschij-lubrikant-na-vodnoj-osnove-jo-anal-h2o-warming-120-ml,https://nestidno.ru/image/cache/catalog/JO40110-500x500.jpg
Вкусовой лубрикант Бабл Гам Candy Shop Bubblegum 60 мл.,1 290р.,Нет,Нет,https://nestidno.ru/vkusovoj-lubrikant-babl-gam-candy-shop-bubblegum-60-ml,https://nestidno.ru/image/cache/catalog/JO10632-500x500.jpg
Вкусовой лубрикант Сахарная вата SYSTEM JO Candy Shop Cotton Candy 60 мл.,1 290р.,Нет,Нет,https://nestidno.ru/vkusovoj-lubrikant-saharnaya-vata-system-jo-candy-shop-cotton-candy-60-ml,https://nestidno.ru/image/cache/catalog/JO10631-500x500.jpg
Лубрикант на водной основе Just Glide Anal 1 л,2 990р.,-17%,2 490р.,https://nestidno.ru/lubrikant-na-vodnoj-osnove-just-glide-anal-1000-ml,https://nestidno.ru/image/cache/catalog/6249180000-6666-500x500.jpg
Лубрикант на водной основе с ароматом черничного маффина Wicked Aqua Blueberry Muffin 120 мл.,2 750р.,-28%,1 990р.,https://nestidno.ru/lubrikant-na-vodnoj-osnove-s-aromatom-chernichnogo-maffina-wicked-aqua-blueberry-muffin-120-ml,https://nestidno.ru/image/cache/catalog/90454-500x500.jpg
Лубрикант с ароматом ананаса JO Flavored Juicy Pineapple 120 мл.,1 990р.,Нет,Нет,https://nestidno.ru/lubrikant-s-aromatom-ananasa-jo-flavored-juicy-pineapple-120-ml,https://nestidno.ru/image/cache/catalog/JO40172-500x500.jpg
Лубрикант с ароматом банана JO Flavored Banana Lick 120 мл.,1 990р.,Нет,Нет,https://nestidno.ru/lubrikant-s-aromatom-banana-jo-flavored-banana-lick-120-ml,https://nestidno.ru/image/cache/catalog/JO40173-500x500.jpg
Лубрикант с ароматом малинового сорбета JO H2O Flavors Raspberry Sorbet 120 мл,1 990р.,Нет,Нет,https://nestidno.ru/lubrikant-s-aromatom-malinovogo-sorbeta-jo-h2o-flavors-raspberry-sorbet-120-ml,https://nestidno.ru/image/cache/catalog/JO40117-500x500.jpg
Лубрикант с ароматом малинового сорбета JO H2O Flavors Raspberry Sorbet 30 мл,990р.,Нет,Нет,https://nestidno.ru/lubrikant-s-aromatom-malinovogo-sorbeta-jo-h2o-flavors-raspberry-sorbet-30-ml,https://nestidno.ru/image/cache/catalog/jo30117-500x500.jpg
Лубрикант с ароматом мяты JO Flavored Cool Mint 120 мл.,1 990р.,Нет,Нет,https://nestidno.ru/lubrikant-s-aromatom-myaty-jo-flavored-cool-mint-120-ml,https://nestidno.ru/image/cache/catalog/JO40383-500x500.jpg
Лубрикант со вкусом арбуза JO H2O Flavored Watermelon 60 мл,1 290р.,Нет,Нет,https://nestidno.ru/lubrikant-so-vkusom-arbuza-jo-h2o-flavored-watermelon-60-ml,https://nestidno.ru/image/cache/catalog/JO20119-500x500.jpg
Лубрикант со вкусом клубники JO H2O Strawberry Kiss 30 мл,990р.,Нет,Нет,https://nestidno.ru/lubrikant-so-vkusom-klubniki-jo-h2o-strawberry-kiss-30-ml,https://nestidno.ru/image/cache/catalog/JO30118-500x500.jpg
Лубрикант со вкусом клубники JO H2O Strawberry Kiss 60 мл,1 290р.,Нет,Нет,https://nestidno.ru/lubrikant-so-vkusom-klubniki-jo-h2o-strawberry-kiss-60-ml,https://nestidno.ru/image/cache/catalog/JO20118-500x500.jpg
Лубрикант со вкусом персика JO H2O Peachy Lips 30 мл,990р.,Нет,Нет,https://nestidno.ru/lubrikant-so-vkusom-persika-jo-h2o-peachy-lips-30-ml,https://nestidno.ru/image/cache/catalog/JO30126-500x500.jpg
Лубрикант со вкусом тропических фруктов JO H2O Tropical Passion 60 мл,1 290р.,Нет,Нет,https://nestidno.ru/lubrikant-so-vkusom-tropicheskih-fruktov-jo-h2o-tropical-passion-60-ml,https://nestidno.ru/image/cache/catalog/JO20121-500x500.jpg
МАССАЖНАЯ СВЕЧА С АРОМАТОМ ЭКЗОТИЧЕСКИХ ФРУКТОВ SHUNGA LIBIDO 30 МЛ,890р.,Нет,Нет,https://nestidno.ru/massagnaya-svecha-s-aromatom-ekzoticheskih-fruktov-shunga-libido-30-ml,https://nestidno.ru/image/cache/catalog/4602_-500x500.jpg
Набор из лубрикантов JO Peachy Lips (120мл.) и JO H2O Vanilla (30мл.),1 990р.,Нет,Нет,https://nestidno.ru/nabor-iz-lubrikantov-jo-peachy-lips-120ml-i-jo-h2o-vanilla-30ml,https://nestidno.ru/image/cache/catalog/JO49044-500x500.jpg
