"ЖЕНСКИЙ СТРАПОН С НАСАДКАМИ: НАРУЖНАЯ 18 х 3,5 cм/10 х 3,5 см",4 490р.,Нет,Нет,https://nestidno.ru/genskij-poyas-s-nasadkami-narugnaya-l-180-mm-d-35-mm-vnutrennyaya-l-100-mm-d-35-mm-art-837103,https://nestidno.ru/image/cache/catalog/stra1-500x500.jpg
Костюм БДСМ кожаный классик Fetish Night,6 900р.,-13%,5 999р.,https://nestidno.ru/kostyum-bdsm-koganyj-klassik-fetish-night,https://nestidno.ru/image/cache/catalog/090403-500x500.jpg
Страпон из киберкожи Hard brutal-consul,3 990р.,Нет,Нет,https://nestidno.ru/strapon-iz-kiberkogi-hard-brutal-consul,https://nestidno.ru/image/cache/catalog/330503-500x500.jpg
"Страпон на поясе Harness Ultra Realistic 15,7 х 4 см",3 900р.,Нет,Нет,https://nestidno.ru/strapon-na-poyase-harness-ultra-realistic-157-h-4-sm,https://nestidno.ru/image/cache/catalog/i/fg/af/df394e03bd951c80137cd34bbb0db1d4-500x500.jpg
Страпон с 2 насадками и вибрацией UniStrap - 19 и 12 см. 532313,6 900р.,Нет,Нет,https://nestidno.ru/strapon-s-2-nasadkami-i-vibratsiej-unistrap-19-i-12-sm-532313,https://nestidno.ru/image/cache/catalog/532313-500x500.jpg
Страпон+трусики-крепление на подтяжках PipeDream King Cock 11'' ,8 900р.,-44%,4 990р.,https://nestidno.ru/strapon-trusiki-kreplenie-na-podtyagkah-pipedream-king-cock-11-telesnyj-564521,https://nestidno.ru/image/cache/catalog/5645211-500x500.jpg
"Фаллопротез (полый страпон) Джага-Джага 18,5 см",1 990р.,Нет,Нет,https://nestidno.ru/falloprotez-poliy-strapon-dgaga-dgaga-185-sm,https://nestidno.ru/image/cache/catalog/i/pe/nn/c8f7b538aa44b1fa224d2cdf09ac23ae-500x500.jpg
"Безремневой страпон Strap-on-me Semi-Realistic, фиолетовый, S",6 900р.,Нет,Нет,https://nestidno.ru/gibkij-strapon-strap-on-me-semi-realistic-fioletovyj-s,https://nestidno.ru/image/cache/catalog/6013212-500x500.jpg
"Гибкий страпон STRAP-ON-ME MULTI ORGASM с посасывающей стимуляцией, имитацией оральных ласк и вибрацией, black, M",14 400р.,Нет,Нет,https://nestidno.ru/gibkij-strapon-strap-on-me-multi-orgasm-s-posasyvayuschej-stimulyatsiej-imitatsiej-oralnyh-lask-i-vibratsiej-black-m,https://nestidno.ru/image/cache/catalog/6017357_3-500x500.jpg
"Гибкий страпон STRAP-ON-ME MULTI ORGASM с посасывающей стимуляцией, имитацией оральных ласк и вибрацией, синий, S",13 900р.,Нет,Нет,https://nestidno.ru/gibkij-strapon-strap-on-me-multi-orgasm-s-posasyvayuschej-stimulyatsiej-imitatsiej-oralnyh-lask-i-vibratsiej-sinij-s,https://nestidno.ru/image/cache/catalog/6017388-500x500.jpg
"Гибкий страпон Strap-on-me Semi-Realistic, чёрный, M",7 900р.,Нет,Нет,https://nestidno.ru/gibkij-strapon-strap-on-me-semi-realistic-chernyj-m,https://nestidno.ru/image/cache/catalog/6012840_3-500x500.jpg
"Гибкий страпон STRAP-ON-ME с вибрацией, с 3-мя моторами, фиолетовый, размер M",11 900р.,Нет,Нет,https://nestidno.ru/gibkij-strapon-strap-on-me-s-vibratsiej-s-3-mya-motorami-fioletovyj-razmer-m,https://nestidno.ru/image/cache/catalog/6013922SOM-500x500.jpg
"Гибкий страпон STRAP-ON-ME с вибрацией, с 3-мя моторами, черный, размер M",11 900р.,Нет,Нет,https://nestidno.ru/gibkij-strapon-strap-on-me-s-vibratsiej-s-3-mya-motorami-chernyj-razmer-m,https://nestidno.ru/image/cache/catalog/6013953SOM_3-500x500.jpg
"Гигантский страпон из киберкожи Lovetoy 26 х 6,5 см",4 990р.,Нет,Нет,https://nestidno.ru/gigantskij-strapon-iz-kiberkogi-lovetoy-24-h-7-sm-538900,https://nestidno.ru/image/cache/catalog/538900-500x500.jpg
"ЖЕНСКИЙ ДВОЙНОЙ СТРАПОН LOVETOY 16/10 см х 4/3,5 см",4 400р.,Нет,Нет,https://nestidno.ru/genskij-dvojnoj-strapon-lovetoy-16-10-sm-h-4-3-5-sm-art-831403,https://nestidno.ru/image/cache/catalog/i/la/gb/eeded985920cb9075eb4831f7b0d4960-500x500.jpg
"ЖЕНСКИЙ СТРАПОН С НАСАДКАМИ: 18 х 4/10 х 3,5 см",4 400р.,Нет,Нет,https://nestidno.ru/genskij-poyas-s-nasadkami-narugnaya-l-180-mm-d-40-mm-i-vnutrennyaya-l-100-mm-d-35-mm-art-830703,https://nestidno.ru/image/cache/catalog/poli1-500x500.jpg
Насадка с анальным стимулятором Los Analos,4 490р.,Нет,Нет,https://nestidno.ru/nasadka-s-analnim-stimulyatorom-los-analos-5834480000,https://nestidno.ru/image/cache/catalog/5834480000_2-500x500.jpeg
"СТРАПОН НА ТРУСИКАХ HARNESS L 170 мм, D 35 мм",4 590р.,Нет,Нет,https://nestidno.ru/falloimitator-na-trusikah-harness-l-170-mm-d-35-mm-art-630803,https://nestidno.ru/image/cache/catalog/22222-500x500.jpg
Двусторонний страпон с вибрацией и подвижной кожей Ultra Passionate Harness,3 900р.,Нет,Нет,https://nestidno.ru/dvustoronnij-strapon-s-vibratsiej-i-podvignoj-kogej-ultra-passionate-harness,https://nestidno.ru/image/cache/catalog/BW-022066Z-500x500.jpg
НАСАДКА ДЛЯ СТРАПОНА UNI COCK 9 240 х 50 мм,2 400р.,Нет,Нет,https://nestidno.ru/nasadka-dlya-strapona-uni-cock-9-240-h-50-mm-art-083303,https://nestidno.ru/image/cache/catalog/i/le/ph/a7a4dd8292d9e112b3a057bdfe8029a1-500x500.jpg
"Гибкий страпон MULTI ORGASM с посасывающей стимуляцией, имитацией оральных ласк и вибрацией, фуксия, M",14 400р.,Нет,Нет,https://nestidno.ru/gibkij-strapon-multi-orgasm-s-posasyvayuschej-stimulyatsiej-imitatsiej-oralnyh-lask-i-vibratsiej-fuksiya-m,https://nestidno.ru/image/cache/catalog/6017432-500x500.jpg
"Гибкий страпон STRAP-ON-ME MULTI ORGASM с посасывающей стимуляцией, имитацией оральных ласк и вибрацией, black, L",14 900р.,Нет,Нет,https://nestidno.ru/gibkij-strapon-strap-on-me-multi-orgasm-s-posasyvayuschej-stimulyatsiej-imitatsiej-oralnyh-lask-i-vibratsiej-black-l,https://nestidno.ru/image/cache/catalog/6017357_3-500x500.jpg
ЖЕНСКИЙ ПОЯС С НАСАДКАМИ WOMAN STRAP 120 х 25 мм/100 х 35 мм 837303,4 400р.,Нет,Нет,https://nestidno.ru/genskij-poyas-s-nasadkami-woman-strap-120-h-25-mm-100-h-35-mm-837303,https://nestidno.ru/image/cache/catalog/837303-500x500.jpg
Полый страпон с вибрацией Ultra Passionate Harness 15 см,2 990р.,Нет,Нет,https://nestidno.ru/polyj-strapon-s-vibratsiej-ultra-passionate-harness-15-sm,https://nestidno.ru/image/cache/catalog/BW-022048-1002-500x500.jpg
Страпон двойной с вибрацией Excellent Power ,6 900р.,Нет,Нет,https://nestidno.ru/strapon-dvojnoj-s-vibratsiej-excellent-power-5930950000,https://nestidno.ru/image/cache/catalog/59309500001-500x500.jpg
"Страпон на трусиках Harness 21 х 4,7 см",3 900р.,Нет,Нет,https://nestidno.ru/strapon-neoskin-harness-l-210-mm-d-47-mm-art-737403,https://nestidno.ru/image/cache/catalog/i/jk/fi/040d5319f528df946985d40879de897a-500x500.jpg
"Гибкий страпон STRAP-ON-ME MULTI ORGASM с посасывающей стимуляцией, имитацией оральных ласк и вибрацией, фуксия, S",13 900р.,Нет,Нет,https://nestidno.ru/gibkij-strapon-strap-on-me-multi-orgasm-s-posasyvayuschej-stimulyatsiej-imitatsiej-oralnyh-lask-i-vibratsiej-fuksiya-s,https://nestidno.ru/image/cache/catalog/6017425_377-500x500.jpg
Страпон на подтяжках King Cock 10 Hollow Strap-On Suspender System,9 990р.,-40%,5 990р.,https://nestidno.ru/strapon-na-podtyagkah-king-cock-10-hollow-strap-on-suspender-system-564123,https://nestidno.ru/image/cache/catalog/564123_1111-500x500.jpg
"Страпон на поясе Harness Ultra Realistic 16 х 3,5 см",3 300р.,Нет,Нет,https://nestidno.ru/strapon-na-poyase-harness-ultra-realistic-16-h-35-sm-734203,https://nestidno.ru/image/cache/catalog/i/bf/le/579b5281ad3ed4e9dab4c39b76c20988-500x500.jpg
"Гибкий страпон Strap-on-me Semi-Realistic, телесный, M",7 900р.,Нет,Нет,https://nestidno.ru/gibkij-strapon-strap-on-me-semi-realistic-telesnyj-m,https://nestidno.ru/image/cache/catalog/6012901-500x500.jpg
Двойной страпон с вибрацией Ultra,4 900р.,Нет,Нет,https://nestidno.ru/dvojnoj-strapon-s-vibratsiej-ultra,https://nestidno.ru/image/cache/catalog/BW-022060-500x500.jpg
Кляп - фаллос TOYFA Theatre,4 590р.,Нет,Нет,https://nestidno.ru/klyap-fallos-toyfa-theatre,https://nestidno.ru/image/cache/catalog/i/kl/lo/f03b06d0eeeaffed7385cee67137feff-500x500.jpg
Безремневой вибрострапон Happy Rabbit Rechargeable Vibrating Strapless Strap-On,8 800р.,Нет,Нет,https://nestidno.ru/bezremnevoj-vibrostrapon-happy-rabbit-rechargeable-vibrating-strapless-strap-on,https://nestidno.ru/image/cache/catalog/74311_1-500x500.jpg
"Костюм со шнуровкой, двумя насадками и пэстисами Fetish Night",11 900р.,Нет,Нет,https://nestidno.ru/kostyum-so-shnurovkoj-i-dvumya-nasadkami-i-pestisami-fetish-night,https://nestidno.ru/image/cache/catalog/090903_%21-500x500.jpg
ВИБРОНАСАДКА ДЛЯ ДВОЙНОГО ПРОНИКНОВЕНИЯ PURE PASSION JUNGLE BUNNY WINE RED,2 490р.,Нет,Нет,https://nestidno.ru/vibronasadka-dlya-dvojnogo-proniknoveniya-pure-passion-jungle-bunny-wine-red,https://nestidno.ru/image/cache/catalog/1202-02LOLA-500x500.jpg
Анатомический страпон You2Toys Triple Teaser,4 400р.,Нет,Нет,https://nestidno.ru/anatomicheskiy-strapon-you2toys-triple-teaser-5096630000,https://nestidno.ru/image/cache/catalog/i/pg/hg/4469e0e6bdd0d3db6f1863bc2aef01dd-500x500.jpg
Безремневой вибрострапон Cosmo 20 см,4 900р.,Нет,Нет,https://nestidno.ru/bezremnevoj-vibrostrapon-cosmo-20-sm,https://nestidno.ru/image/cache/catalog/CSM-23141-500x500.jpg
ВИБРОНАСАДКА ДЛЯ ДВОЙНОГО ПРОНИКНОВЕНИЯ PURE PASSION BRAMBLE Black,1 750р.,Нет,Нет,https://nestidno.ru/vibronasadka-dlya-dvojnogo-proniknoveniya-pure-passion-bramble-black,https://nestidno.ru/image/cache/catalog/1201-01lola-500x500.jpg
ЖЕНСКИЙ ПОЯС С НАСАДКАМИ WOMAN STRAP 175 х 35 мм/100 х 35 мм,4 400р.,Нет,Нет,https://nestidno.ru/genskij-poyas-s-nasadkami-woman-strap-175-h-35-mm-100-h-35-mm-art-830303,https://nestidno.ru/image/cache/catalog/i/jj/oa/57e3f53ffeb89c5aa4e50edaf21e139c-500x500.jpg
НАСАДКА ДЛЯ СТРАПОНА UNI COCK 10 250 х 65 мм,2 990р.,Нет,Нет,https://nestidno.ru/nasadka-dlya-strapona-uni-cock-10-250-h-65-mm-art-088903,https://nestidno.ru/image/cache/catalog/i/gb/ic/85c0cd49ffffc9e0240b42cf7e26cb85-500x500.jpg
НАСАДКА ДЛЯ СТРАПОНА UNI COCK 6 180 х 40 мм,1 800р.,Нет,Нет,https://nestidno.ru/nasadka-dlya-strapona-uni-cock-6-180-h-40-mm-art-081403,https://nestidno.ru/image/cache/catalog/i/fm/jh/0199129da79c81ff4569e0bc55a830b7-500x500.jpg
"Полый страпон с вибрацией Ultra 15,5 х 4,2 см",2 490р.,Нет,Нет,https://nestidno.ru/polyj-strapon-s-vibratsiej-ultra-15-5-h-4-2-sm,https://nestidno.ru/image/cache/catalog/BW-022050-500x500.jpg
"СИЛИКОНОВЫЙ СТРАПОН EROKAY Cupid's Arrow 14 х 3,5 см Body",2 490р.,Нет,Нет,https://nestidno.ru/strapon-na-poyase-erokay-l-140-mm-d-35-mm-telesnyj-art-ek-4203,https://nestidno.ru/image/cache/catalog/i/kj/nf/82d2d0e23b7708b8dba923603f0e2b77-500x500.jpg
"СТРАПОН НА ТРУСИКАХ HARNESS L 200 мм, D 42 мм",4 190р.,Нет,Нет,https://nestidno.ru/falloimitator-na-trusikah-harness-l-200-mm-d-42-mm-art-630503,https://nestidno.ru/image/cache/catalog/4444-500x500.jpg
"Страпон-гигант из киберкожи Lovetoy 33 х 7,7 см",4 990р.,Нет,Нет,https://nestidno.ru/strapon-gigant-iz-kiberkogi-lovetoy-530300,https://nestidno.ru/image/cache/catalog/530300-500x500.jpg
ФАЛЛОИМИТАТОР НА ТРУСИКАХ HARNESS 170 х 35 мм,4 590р.,Нет,Нет,https://nestidno.ru/falloimitator-na-trusikah-harness-170-h-35-mm-art-630303,https://nestidno.ru/image/cache/catalog/i/bb/pb/6ebbd278bc2607d092ee93c37d1ada90-500x500.jpg
