Зажимы на соски на магните Magnetic Nipple Clamps,3 990р.,Нет,Нет,https://nestidno.ru/zagimy-na-soski-na-magnite-magnetic-nipple-clamps,https://nestidno.ru/image/cache/catalog/5402000000-500x500.jpg
Изящный чёрный ошейник с кружевом БДСМ-Арсенал,1 990р.,-30%,1 400р.,https://nestidno.ru/izyaschnyj-chernyj-oshejnik-s-krugevom-bdsm-arsenal,https://nestidno.ru/image/cache/catalog/810007ars_-500x500.jpg
Интимные украшения с бусинами NIPPLE & CLIT JEWELRY,1 990р.,Нет,Нет,https://nestidno.ru/intimnye-ukrasheniya-s-businami-nipple-clit-jewelry,https://nestidno.ru/image/cache/catalog/pd4452-23-500x500.jpg
КОМПЛЕКТ БДСМ-аксессуаров NOTABU текстиль.,4 590р.,Нет,Нет,https://nestidno.ru/komplekt-dlya-bondaga-notabu-ntb-80330,https://nestidno.ru/image/cache/catalog/NTB-80330-500x500.jpg
Маска кожаная женская Panther B01 (чёрный) BG07021,1 990р.,Нет,Нет,https://nestidno.ru/maska-koganaya-genskaya-panther-b01-chernyj-bg07021,https://nestidno.ru/image/cache/catalog/BG07021-500x500.jpg
МАСКА С ВЫРЕЗАННЫМИ УЗОРАМИ С УШКАМИ ЗАЙКИ Crazy Handmade СН-6305,2 990р.,Нет,Нет,https://nestidno.ru/maska-s-vyrezannymi-uzorami-s-ushkami-zajki-crazy-handmade-sn-6305,https://nestidno.ru/image/cache/catalog/%D0%A1%D0%9D-6305-500x500.jpg
МАСКА цвет золотой леопард арт. NTB-80369,290р.,Нет,Нет,https://nestidno.ru/maska-tsvet-zolotoj-leopard-art-ntb-80369,https://nestidno.ru/image/cache/catalog/i/bo/oo/6a4eea610881398fcddaf71f1e4e3361-500x500.jpg
Металлические наручники TOYFA THEATRE Леопардовые,1 990р.,-50%,990р.,https://nestidno.ru/metallicheskie-naruchniki-toyfa-theatre-leopardovye,https://nestidno.ru/image/cache/catalog/951034-500x500.jpg
"Мужской пояс верности Cock Cage Model 15 Chastity 3.5""",4 900р.,Нет,Нет,https://nestidno.ru/mugskoj-poyas-vernosti-cock-cage-model-15-chastity-3-5,https://nestidno.ru/image/cache/catalog/MCG015TRA-500x500.jpg
Набор для бондажа Cuff And Tether Set,6 500р.,Нет,Нет,https://nestidno.ru/index.php?route=product/product&product_id=15085,https://nestidno.ru/image/cache/catalog/pd2151-23-500x500.jpg
"ОШЕЙНИК NOTABU 42 см, чёрный NTB-80555",750р.,Нет,Нет,https://nestidno.ru/oshejnik-notabu-42-sm-chernyj-ntb-80555,https://nestidno.ru/image/cache/catalog/i/od/bm/eb726ccf715f010bb042d47eb5db5eac-500x500.jpg
ПЛЕТЬ из натуральной кожи Crazy Handmade МАСТЕР СН-4053,2 990р.,Нет,Нет,https://nestidno.ru/plet-iz-naturalnoj-kogi-crazy-handmade-master-sn-4053,https://nestidno.ru/image/cache/catalog/%D0%A1%D0%9D-4053-500x500.jpg
СЕКС-МАШИНА MOTORLOVERS PINK-PUNK,16 900р.,-18%,13 900р.,https://nestidno.ru/seks-mashina-pink-punk-motolovers,https://nestidno.ru/image/cache/catalog/i/dk/hh/c8882dfc842f51be43257085a34e837d-500x500.jpg
УРЕТРАЛЬНЫЙ ПЛАГ BLACK & RED BY TOYFA 8 СМ,490р.,Нет,Нет,https://nestidno.ru/uretralnyj-plag-black-red-by-toyfa-8-sm,https://nestidno.ru/image/cache/catalog/901409-5-500x500.jpg
УРЕТРАЛЬНЫЙ стимулятор BLACK & RED BY TOYFA 16 см 901405-5,690р.,Нет,Нет,https://nestidno.ru/uretralnyj-stimulyator-black-red-by-toyfa-16-sm-901405-5,https://nestidno.ru/image/cache/catalog/901405-5-500x500.jpg
Флоггер из брусничной кожи с хромированной ручкой CH-4019,1 250р.,Нет,Нет,https://nestidno.ru/flogger-iz-brusnichnoj-kogi-s-hromirovannoj-ruchkoj-ch-4019,https://nestidno.ru/image/cache/catalog/CH-4019-500x500.jpg
Чёрная кожаная плетка с золотистой рукоятью - 50 см. БДСМ-АРСЕНАЛ,2 990р.,Нет,Нет,https://nestidno.ru/chernaya-koganaya-pletka-s-zolotistoj-rukoyatyu-50-sm-bdsm-arsenal,https://nestidno.ru/image/cache/catalog/54013ars-500x500.jpg
Чёрный кляп-шар с зажимами для сосков,4 900р.,Нет,Нет,https://nestidno.ru/index.php?route=product/product&product_id=15086,https://nestidno.ru/image/cache/catalog/lf1807-500x500.jpg
Вибратор с электростимуляцией Mystim Sizzling Simon Black Edition,10 900р.,Нет,Нет,https://nestidno.ru/vibrator-s-elektrostimulyatsiey-mystim-sizzling-simon-black-edition-46872,https://nestidno.ru/image/cache/catalog/i/le/ig/f5376dfe1b653596db196935076f28f7-500x500.jpg
"Двусторонний уретральный буж из металла Penis Plug Dip Stick Special 5370390000 27 х 0,6 см",3 590р.,Нет,Нет,https://nestidno.ru/dvustoronnij-uretralnyj-bug-iz-metalla-penis-plug-dip-stick-special-5370390000-27-h-0-6-sm,https://nestidno.ru/image/cache/catalog/5370390000_-500x500.jpg
КЛЯП NOTABU красный арт. NTB-80465,1 290р.,Нет,Нет,https://nestidno.ru/klyap-tsvet-krasnyj-art-ntb-80465,https://nestidno.ru/image/cache/catalog/NTB-80465-500x500.jpg
"КОЛЕСО ВАРТЕНБЕРГА, TOYFA METAL, СЕРЕБРИСТЫЙ",1 250р.,-21%,990р.,https://nestidno.ru/koleso-vartenberga-pin-wheel-5226510000,https://nestidno.ru/image/cache/catalog/712055-500x500.jpg
Костюм БДСМ кожаный классик Fetish Night,6 900р.,-13%,5 999р.,https://nestidno.ru/kostyum-bdsm-koganyj-klassik-fetish-night,https://nestidno.ru/image/cache/catalog/090403-500x500.jpg
Красная кожаная маска с декором БДСМ-Арсенал 58006ars,990р.,Нет,Нет,https://nestidno.ru/krasnaya-koganaya-maska-s-dekorom-bdsm-arsenal-58006ars,https://nestidno.ru/image/cache/catalog/58006ars-500x500.jpg
Маска Sitabella черный/красный 3188-1,2 645р.,Нет,Нет,https://nestidno.ru/maska-sitabella-chernyj-krasnyj-3188-1,https://nestidno.ru/image/cache/catalog/3188-1-500x500.jpg
Набор из 3 уретральных плагов Advanced Class,1 490р.,Нет,Нет,https://nestidno.ru/nabor-iz-3-uretralnyh-plagov-advanced-class,https://nestidno.ru/image/cache/catalog/BI-014469H-1-500x500.jpg
Наручники из неопрена Sitabella Black 7056-1,1 750р.,-26%,1 300р.,https://nestidno.ru/naruchniki-iz-neoprena-sitabella-black-7056-1,https://nestidno.ru/image/cache/catalog/7056-1-500x500.jpg
Ошейник из искусственной кожи Notabu NTB-80547,2 000р.,Нет,Нет,https://nestidno.ru/oshejnik-iz-iskusstvennoj-kogi-notabu-ntb-80547,https://nestidno.ru/image/cache/catalog/ntb-80547-500x500.jpg
"Розовая плётка Leather Whip Metal Long - 49,5 см.",2 800р.,-47%,1 490р.,https://nestidno.ru/rozovaya-pletka-leather-whip-metal-long-49-5-sm,https://nestidno.ru/image/cache/catalog/OU017PNK-500x500.jpg
Страпон+трусики-крепление на подтяжках PipeDream King Cock 11'' ,8 900р.,-44%,4 990р.,https://nestidno.ru/strapon-trusiki-kreplenie-na-podtyagkah-pipedream-king-cock-11-telesnyj-564521,https://nestidno.ru/image/cache/catalog/5645211-500x500.jpg
Уретральный буж из металла Sextreme Steel 5078650000 24 см,2 590р.,Нет,Нет,https://nestidno.ru/uretralnyj-bug-iz-metalla-sextreme-steel-5078650000-24-sm,https://nestidno.ru/image/cache/catalog/5078650000-500x500.jpg
Уретральный буж из металла Sextreme Urethral Plug 5230030000 24 см,2 590р.,Нет,Нет,https://nestidno.ru/uretralnyj-bug-iz-metalla-sextreme-urethral-plug-5230030000-24-sm,https://nestidno.ru/image/cache/catalog/5230030000-500x500.jpg
Уретральный плаг Sextreme Steel,1 990р.,-25%,1 499р.,https://nestidno.ru/uretralniy-plag-sextreme-steel--5230110000,https://nestidno.ru/image/cache/catalog/i/kk/oi/2f2ce604f9e647d41fa167e9cfb58f4f-500x500.jpg
"Черный анальный плаг Glide M - 10,3 см.",990р.,Нет,Нет,https://nestidno.ru/chernyj-analnyj-plag-glide-m-10-3-sm,https://nestidno.ru/image/cache/catalog/420700-500x500.jpg
ЧОКЕР ГАЛСТУК ЧЕРНЫЙ Crazy Handmade СН-2024 ,1 900р.,Нет,Нет,https://nestidno.ru/choker-galstuk-chernyj-crazy-handmade-sn-2024,https://nestidno.ru/image/cache/catalog/%D0%A1%D0%9D-2024_4-500x500.jpg
Широкий болстретчер из экокожи,1 690р.,-41%,990р.,https://nestidno.ru/shirokij-bolstretcher-iz-ekokogi,https://nestidno.ru/image/cache/catalog/i/an/mj/266410f0e6f8e48c6d7184114f61243e-500x500.jpg
"BDSM SCALA Портупея ""Кобра"" 20 мм pg-1325",2 990р.,Нет,Нет,https://nestidno.ru/bdsm-scala-portupeya-kobra-20-mm-pg-1325,https://nestidno.ru/image/cache/catalog/pg-1325-500x500.jpeg
Зажимы для сосков с цепочкой Sexy Friend,790р.,Нет,Нет,https://nestidno.ru/zagimi-dlya-soskov-s-tsepochkoy-sexy-friend,https://nestidno.ru/image/cache/catalog/sf-70140_000-500x500.jpg
МАСКА цвет красный леопард арт. NTB-80365,390р.,Нет,Нет,https://nestidno.ru/maska-tsvet-krasnyj-leopard-art-ntb-80365,https://nestidno.ru/image/cache/catalog/i/mf/de/127e36b9cb3221342e893b818ea53eb7-500x500.jpg
Мужской пояс верности Ever-Star MT-13 Сталь висячий замок 40*45*50,2 990р.,Нет,Нет,https://nestidno.ru/mugskoj-poyas-vernosti-ever-star-mt-13-stal-visyachij-zamok-40-45-50,https://nestidno.ru/image/cache/catalog/i/eb/nh/1bf922771f6754d59a9e394da0aaa55a-500x500.jpg
Набор болстретчеров Ball Stretching Kit,1 990р.,Нет,Нет,https://nestidno.ru/nabor-bolstretcherov-ball-stretching-kit,https://nestidno.ru/image/cache/catalog/5331060000-500x500.jpg
Наручники металлические Hand schellen pink,1 590р.,Нет,Нет,https://nestidno.ru/bdsm-naruchniki-hand-schellen-pink,https://nestidno.ru/image/cache/catalog/5254210000-500x500.jpg
ПЛЕТЬ 65см (велюр) артикул 3010-4 B,2 590р.,Нет,Нет,https://nestidno.ru/plet-velyurovaya-sitabella-65-sm-artikul-3010-4-b,https://nestidno.ru/image/cache/catalog/3010-4-500x500.jpg
Плеть TOYFA Theatre кожаная с рукояткой — фаллосом,4 490р.,-33%,2 999р.,https://nestidno.ru/plet-toyfa-theatre-koganaya-s-rukoyatkoj-%E2%80%94-fallosom,https://nestidno.ru/image/cache/catalog/i/cf/jh/055293786bdebca96bfbecc092c897c4-500x500.jpg
Черный эротический набор Shots Media Switch Pleasure Kit №3,11 900р.,-33%,7 990р.,https://nestidno.ru/chernyj-eroticheskij-nabor-shots-media-switch-pleasure-kit-3,https://nestidno.ru/image/cache/catalog/SWI013BLK_345-500x500.jpg
"КОМПЛЕКТ ИЗ БОЛЬШОЙ РАСПОРКИ (СН-9203) И ОКОВ (СН-1062), СН-9204",3 990р.,Нет,Нет,https://nestidno.ru/komplekt-iz-bolshoj-rasporki-sn-9203-i-okov-sn-1062-sn-9204,https://nestidno.ru/image/cache/catalog/ch-9204-500x500.jpg
"КОМПЛЕКТ ИЗ РАСПОРКИ (СН-9203), ОШЕЙНИКА (СН-2002), НАРУЧНИКОВ (СН-1061), ОКОВ (СН-1062), арт. СН-9207",5 900р.,Нет,Нет,https://nestidno.ru/komplekt-iz-rasporki-sn-9203-oshejnika-sn-2002-naruchnikov-sn-1061-okov-sn-1062-art-sn-9207,https://nestidno.ru/image/cache/catalog/%D0%A1%D0%9D-9207-500x500.jpg
МАСКА цвет лео арт. NTB-80364,390р.,Нет,Нет,https://nestidno.ru/maska-tsvet-leo-art-ntb-80364,https://nestidno.ru/image/cache/catalog/i/ph/po/d28e852219485f304514f6d33541407b-500x500.jpg
"Мужской пояс верности Cock Cage Model 17 Chastity 5.5""",4 900р.,Нет,Нет,https://nestidno.ru/mugskoj-poyas-vernosti-cock-cage-model-17-chastity-5-5,https://nestidno.ru/image/cache/catalog/MCG017TRA_6-500x500.jpg
Набор из 3 кляпов Ball Gag Training System,2 490р.,Нет,Нет,https://nestidno.ru/nabor-iz-3-klyapov-ball-gag-training-system,https://nestidno.ru/image/cache/catalog/PD3841-00-500x500.jpg
Набор из 4 красных восковых свечей Teasing Wax Candles Large,1 990р.,Нет,Нет,https://nestidno.ru/nabor-iz-4-krasnyh-voskovyh-svechej-teasing-wax-candles-large,https://nestidno.ru/image/cache/catalog/OU489RED-500x500.jpg
НАРУЧНИКИ ИЗ НАТУРАЛЬНОЙ КОЖИ BDSM-Арсенал арт. 63003,2 990р.,Нет,Нет,https://nestidno.ru/naruchniki-iz-naturalnoj-kogi-bdsm-arsenal-art-63003,https://nestidno.ru/image/cache/catalog/63003-500x500.jpg
"Серебристый уретральный плаг с красным кристаллом - 11,3 см.",1 290р.,Нет,Нет,https://nestidno.ru/serebristyj-uretralnyj-plag-s-krasnym-kristallom-11-3-sm,https://nestidno.ru/image/cache/catalog/744-02%20PP%20DD-500x500.jpg
СТИМУЛЯТОР УРЕТРАЛЬНЫЙ SEXEXPERT 100 мм  5-8 мм,399р.,Нет,Нет,https://nestidno.ru/stimulyator-uretralnyj-sexexpert-100-mm-sem-55132,https://nestidno.ru/image/cache/catalog/i/op/gp/0373142c2f5d1508c7be3000298f5b0c-500x500.jpg
Фигурная серебристая маска Mysterious Mask,1 500р.,-34%,990р.,https://nestidno.ru/figurnaya-serebristaya-maska-mysterious-mask,https://nestidno.ru/image/cache/catalog/CR-2631-500x500.jpg
" BDSM SCALA портупея мужская XL простая 35 мм, Одисей прошивка PG-2462",3 990р.,Нет,Нет,https://nestidno.ru/bdsm-scala-portupeya-mugskaya-xl-prostaya-35-mm-odisej-proshivka-pg-2462,https://nestidno.ru/image/cache/catalog/PG-2462-500x500.jpg
Fifty Shades Darker Набор игрушек Principles of Lust Romance Couples Kit,6 990р.,-36%,4 490р.,https://nestidno.ru/fifty-shades-darker-nabor-igrushek-principles-of-lust-romance-couples-kit,https://nestidno.ru/image/cache/catalog/61037-500x500.jpg
Игровой набор БДСМ-аксессуаров Intermediate Bondage Kit OU372PUR,6 900р.,Нет,Нет,https://nestidno.ru/igrovoj-nabor-bdsm-aksessuarov-intermediate-bondage-kit-ou372pur,https://nestidno.ru/image/cache/catalog/OU372PUR_4-500x500.jpg
КЛЯП + ЗАЖИМЫ НА СОСКИ NOTABU чёрный NTB-80540,1 500р.,Нет,Нет,https://nestidno.ru/klyap-zagimy-na-soski-notabu-chernyj-ntb-80540,https://nestidno.ru/image/cache/catalog/i/oo/fk/ed7e5d251040393cbab9786bdaeccc80-500x500.jpg
Мужской пояс верности Ever-Star MT-15 Сталь висячий замок 40*45*50,2 990р.,Нет,Нет,https://nestidno.ru/mugskoj-poyas-vernosti-ever-star-mt-15-stal-visyachij-zamok-40-45-50,https://nestidno.ru/image/cache/catalog/i/em/pb/ddda486df9421c091a8b15f28052ac26-500x500.jpg
